Address,Date time,Minimum Temperature,Maximum Temperature,Temperature,Dew Point,Relative Humidity,Heat Index,Wind Speed,Wind Gust,Wind Direction,Wind Chill,Precipitation,Precipitation Cover,Snow Depth,Visibility,Cloud Cover,Sea Level Pressure,Weather Type,Latitude,Longitude,Resolved Address,Name,Info,Conditions
"Ljubljana,Slovenia","01/01/2021",2.2,4.5,3.4,2.4,93.1,,7.2,19.1,147.54,1.0,18.58,12.5,14.15,17.2,46.3,1013.0,"Drizzle, Heavy Snow, Light Snow, Light Drizzle, Heavy Drizzle/Rain, Light Drizzle/Rain, Mist, Rain, Heavy Rain And Snow, Rain Showers, Heavy Rain, Light Rain, Snow",46.0506,14.5028,"Ljubljana, Slovenija","Ljubljana, Slovenija","","Rain, Partially cloudy"
"Ljubljana,Slovenia","01/02/2021",0.7,5.9,3.6,2.6,93.03,,10.1,19.4,177.71,-0.8,37.45,12.5,15.6,20.2,40.2,1011.0,"Drizzle, Heavy Snow, Light Snow, Light Drizzle/Rain, Fog, Light Freezing Drizzle/Freezing Rain, Light Freezing Rain, Mist, Rain, Heavy Rain And Snow, Light Rain And Snow, Rain Showers, Heavy Rain, Light Rain, Sky Coverage Decreasing, Snow",46.0506,14.5028,"Ljubljana, Slovenija","Ljubljana, Slovenija","","Rain, Partially cloudy"
"Ljubljana,Slovenia","01/03/2021",3.0,4.5,3.8,2.5,91.35,,9.4,16.5,291.96,0.4,2.0,12.5,12.73,13.0,48.5,1012.4,"Drizzle, Mist, Light Snow, Light Drizzle, Rain, Light Drizzle/Rain, Light Rain And Snow, Fog, Light Rain, Snow",46.0506,14.5028,"Ljubljana, Slovenija","Ljubljana, Slovenija","","Rain, Partially cloudy"
"Ljubljana,Slovenia","01/04/2021",1.1,4.9,3.4,2.1,91.18,,10.8,18.0,233.5,0.8,5.09,12.5,11.77,9.1,64.1,1011.9,"Snow Showers, Drizzle, Light Snow, Mist, Light Drizzle, Rain, Fog, Rain Showers, Light Rain, Snow",46.0506,14.5028,"Ljubljana, Slovenija","Ljubljana, Slovenija","","Rain, Partially cloudy"
"Ljubljana,Slovenia","01/05/2021",-0.8,5.5,2.2,0.9,91.08,,7.2,14.4,147.91,-1.7,15.72,8.33,2.68,9.6,60.3,1010.3,"Snow And Rain Showers, Ice, Heavy Snow, Mist, Light Snow, Light Drizzle, Rain, Heavy Rain And Snow, Light Rain And Snow, Light Rain, Snow",46.0506,14.5028,"Ljubljana, Slovenija","Ljubljana, Slovenija","","Rain, Partially cloudy"
"Ljubljana,Slovenia","01/06/2021",-0.2,2.1,0.9,0.2,95.58,,10.8,9.7,139.04,-3.5,5.43,12.5,29.52,7.5,52.5,1013.6,"Ice, Snow Showers, Heavy Snow, Mist, Light Snow, Light Drizzle, Light Rain And Snow, Rain Showers, Fog, Light Rain, Snow",46.0506,14.5028,"Ljubljana, Slovenija","Ljubljana, Slovenija","","Rain, Partially cloudy"
"Ljubljana,Slovenia","01/07/2021",-2.6,2.5,1.1,0.0,92.21,,7.2,14.8,255.96,-5.1,0.89,8.33,28.33,9.0,57.4,1015.4,"Snow Showers, Drizzle, Mist, Light Snow, Light Drizzle, Rain, Light Rain And Snow, Fog, Snow",46.0506,14.5028,"Ljubljana, Slovenija","Ljubljana, Slovenija","","Rain, Partially cloudy"
"Ljubljana,Slovenia","01/08/2021",-3.7,1.5,-1.1,-2.1,92.54,,7.2,11.9,150.42,-6.8,4.99,8.33,29.8,17.0,38.2,1019.7,"Light Snow, Mist, Rain, Fog, Sky Unchanged, Snow",46.0506,14.5028,"Ljubljana, Slovenija","Ljubljana, Slovenija","","Rain, Partially cloudy"
"Ljubljana,Slovenia","01/09/2021",-1.7,1.0,-0.5,-3.8,78.15,,9.4,16.9,193.04,-4.8,0.0,0.0,27.93,33.7,41.4,1022.4,"Light Snow, Snow",46.0506,14.5028,"Ljubljana, Slovenija","Ljubljana, Slovenija","","Partially cloudy"
"Ljubljana,Slovenia","01/10/2021",-1.1,0.4,-0.6,-4.2,76.64,,12.5,25.2,83.04,-4.6,2.98,12.5,2.08,15.0,44.7,1021.6,"Light Snow, Mist, Rain, Light Rain And Snow, Light Rain, Snow",46.0506,14.5028,"Ljubljana, Slovenija","Ljubljana, Slovenija","","Rain, Partially cloudy"
"Ljubljana,Slovenia","01/11/2021",-6.4,1.5,-3.3,-6.2,81.58,,8.3,20.2,158.92,-10.0,0.0,0.0,2.02,19.6,29.9,1021.8,"Mist, Fog, Snow",46.0506,14.5028,"Ljubljana, Slovenija","Ljubljana, Slovenija","","Partially cloudy"
"Ljubljana,Slovenia","01/12/2021",-5.4,-1.6,-3.8,-5.9,85.34,,5.8,10.8,199.46,-6.1,0.2,4.17,1.97,11.7,39.6,1014.9,"Mist, Sky Coverage Decreasing, Sky Unchanged, Smoke Or Haze, Snow",46.0506,14.5028,"Ljubljana, Slovenija","Ljubljana, Slovenija","","Rain, Partially cloudy"
"Ljubljana,Slovenia","01/13/2021",-4.5,2.9,-1.7,-4.8,79.97,,7.2,18.0,185.13,-5.5,0.1,4.17,26.99,22.3,21.5,1013.9,"Mist, Light Snow, Rain, Snow",46.0506,14.5028,"Ljubljana, Slovenija","Ljubljana, Slovenija","","Rain"
"Ljubljana,Slovenia","01/14/2021",-6.1,5.5,-1.3,-6.6,69.37,,10.8,25.3,187.08,-8.2,0.2,4.17,24.25,40.5,23.1,1017.7,"Light Snow, Sky Coverage Increasing",46.0506,14.5028,"Ljubljana, Slovenija","Ljubljana, Slovenija","","Rain"
"Ljubljana,Slovenia","01/15/2021",-7.1,2.9,-3.0,-7.4,73.06,,8.7,13.0,183.75,-9.0,0.0,0.0,24.19,36.9,20.9,1022.3,"Mist",46.0506,14.5028,"Ljubljana, Slovenija","Ljubljana, Slovenija","","Clear"
"Ljubljana,Slovenia","01/16/2021",-7.3,0.5,-4.4,-7.6,78.55,,7.2,10.8,176.38,-6.2,0.1,4.17,24.94,22.9,20.1,1020.6,"Mist",46.0506,14.5028,"Ljubljana, Slovenija","Ljubljana, Slovenija","","Rain"
"Ljubljana,Slovenia","01/17/2021",-5.3,0.4,-2.7,-5.9,78.48,,14.7,11.5,179.71,-6.8,0.0,0.0,21.09,15.3,40.0,1022.7,"Mist, Light Snow",46.0506,14.5028,"Ljubljana, Slovenija","Ljubljana, Slovenija","","Partially cloudy"
"Ljubljana,Slovenia","01/18/2021",-5.6,2.1,-2.0,-5.9,75.69,,7.5,12.6,200.13,-9.2,0.0,0.0,20.89,19.4,32.0,1025.7,"Mist",46.0506,14.5028,"Ljubljana, Slovenija","Ljubljana, Slovenija","","Partially cloudy"
"Ljubljana,Slovenia","01/19/2021",-1.3,6.0,3.3,-2.1,68.24,,12.2,29.1,253.42,-4.5,0.2,4.17,19.01,22.4,56.9,1021.9,"Mist, Light Snow, Heavy Drizzle, Light Drizzle, Light Drizzle/Rain, Snow",46.0506,14.5028,"Ljubljana, Slovenija","Ljubljana, Slovenija","","Rain, Partially cloudy"
"Ljubljana,Slovenia","01/20/2021",0.8,8.0,4.4,2.3,86.47,,14.4,32.4,291.17,-1.3,1.05,12.5,12.85,16.0,76.9,1017.0,"Drizzle, Light Snow, Light Drizzle, Rain, Heavy Drizzle/Rain, Light Drizzle/Rain, Heavy Rain And Snow, Rain Showers, Light Rain, Sky Coverage Increasing, Snow",46.0506,14.5028,"Ljubljana, Slovenija","Ljubljana, Slovenija","","Rain, Overcast"
"Ljubljana,Slovenia","01/21/2021",1.9,10.7,5.6,4.2,91.07,,13.9,18.0,201.38,0.1,29.33,20.83,245.0,14.1,68.5,1010.4,"Heavy Snow, Drizzle, Light Drizzle, Light Drizzle/Rain, Hail, Ice, Mist, Rain, Heavy Rain And Snow, Rain Showers, Heavy Rain, Light Rain, Sky Unchanged, Snow",46.0506,14.5028,"Ljubljana, Slovenija","Ljubljana, Slovenija","","Rain, Partially cloudy"
"Ljubljana,Slovenia","01/22/2021",7.1,12.9,8.9,7.3,90.54,,18.0,37.7,191.08,5.4,54.7,12.5,245.0,14.8,46.2,999.6,"Heavy Snow, Drizzle, Light Snow, Light Drizzle, Heavy Drizzle/Rain, Light Drizzle/Rain, Hail, Ice, Rain, Heavy Rain And Snow, Rain Showers, Heavy Rain, Light Rain, Snow",46.0506,14.5028,"Ljubljana, Slovenija","Ljubljana, Slovenija","","Rain, Partially cloudy"
"Ljubljana,Slovenia","01/23/2021",2.5,6.9,4.8,3.5,91.44,,10.6,21.6,220.21,0.7,24.87,12.5,0.37,17.1,41.3,997.3,"Drizzle, Heavy Snow, Light Snow, Light Drizzle, Heavy Drizzle/Rain, Light Drizzle/Rain, Fog, Mist, Rain, Heavy Rain And Snow, Light Rain, Snow",46.0506,14.5028,"Ljubljana, Slovenija","Ljubljana, Slovenija","","Rain, Partially cloudy"
"Ljubljana,Slovenia","01/24/2021",-0.5,3.8,1.2,0.2,93.35,,8.8,49.7,243.46,-1.5,11.0,25.0,11.89,16.1,57.3,1001.8,"Drizzle, Heavy Snow, Light Snow, Mist, Light Drizzle, Rain, Light Drizzle/Rain, Fog, Heavy Rain, Light Rain, Snow",46.0506,14.5028,"Ljubljana, Slovenija","Ljubljana, Slovenija","","Rain, Partially cloudy"
"Ljubljana,Slovenia","01/25/2021",-1.0,2.0,0.1,-1.8,87.06,,12.8,15.8,257.38,-3.1,0.62,4.17,11.77,9.8,56.8,1009.0,"Mist, Light Snow, Rain Showers, Fog",46.0506,14.5028,"Ljubljana, Slovenija","Ljubljana, Slovenija","","Rain, Partially cloudy"
"Ljubljana,Slovenia","01/26/2021",-2.9,0.8,-1.4,-3.0,88.61,,7.2,14.4,203.04,-5.6,0.4,4.17,123.43,10.6,53.5,1018.1,"Mist, Fog",46.0506,14.5028,"Ljubljana, Slovenija","Ljubljana, Slovenija","","Rain, Partially cloudy"
"Ljubljana,Slovenia","01/27/2021",-3.1,2.0,-1.2,-3.3,86.1,,7.2,12.6,160.75,-3.8,0.0,0.0,122.06,14.0,35.2,1016.7,"Mist, Diamond Dust, Fog",46.0506,14.5028,"Ljubljana, Slovenija","Ljubljana, Slovenija","","Partially cloudy"
"Ljubljana,Slovenia","01/28/2021",-0.4,4.9,2.8,-1.8,71.79,,14.4,39.5,235.13,-1.6,0.2,4.17,260.0,22.7,49.0,1008.9,"Drizzle, Light Drizzle, Light Rain, Sky Unchanged, Snow",46.0506,14.5028,"Ljubljana, Slovenija","Ljubljana, Slovenija","","Rain, Partially cloudy"
"Ljubljana,Slovenia","01/29/2021",0.2,4.2,2.1,1.2,93.49,,7.2,18.0,159.54,-1.6,4.01,8.33,260.0,7.5,23.6,1003.2,"Drizzle, Light Snow, Mist, Light Drizzle, Rain Showers, Fog, Light Rain, Snow",46.0506,14.5028,"Ljubljana, Slovenija","Ljubljana, Slovenija","","Rain"
"Ljubljana,Slovenia","01/30/2021",0.4,6.2,3.4,2.0,90.45,,14.7,24.1,152.42,-1.3,12.4,8.33,11.98,14.6,41.4,1000.9,"Light Snow, Light Drizzle, Heavy Drizzle/Rain, Light Drizzle/Rain, Mist, Rain, Heavy Rain And Snow, Light Rain And Snow, Rain Showers, Heavy Rain, Light Rain, Sky Coverage Decreasing, Snow",46.0506,14.5028,"Ljubljana, Slovenija","Ljubljana, Slovenija","","Rain, Partially cloudy"
"Ljubljana,Slovenia","01/31/2021",-3.7,1.0,0.0,-2.0,86.64,,12.1,14.8,151.08,-6.2,9.88,12.5,4.0,14.7,40.6,1003.7,"Snow Showers, Drizzle, Light Snow, Mist, Rain Showers, Fog, Light Rain, Snow",46.0506,14.5028,"Ljubljana, Slovenija","Ljubljana, Slovenija","","Rain, Partially cloudy"
"Ljubljana,Slovenia","02/01/2021",-0.8,2.9,0.7,-1.2,87.69,,10.8,13.3,203.87,-2.5,0.0,0.0,12.69,13.5,21.6,1007.0,"Mist, Fog",46.0506,14.5028,"Ljubljana, Slovenija","Ljubljana, Slovenija","","Clear"
"Ljubljana,Slovenia","02/02/2021",1.2,5.6,4.2,1.7,84.06,,14.4,10.8,155.0,1.3,0.0,0.0,265.0,18.8,47.0,1014.0,"Mist, Light Drizzle, Fog, Light Rain",46.0506,14.5028,"Ljubljana, Slovenija","Ljubljana, Slovenija","","Partially cloudy"
"Ljubljana,Slovenia","02/03/2021",7.1,11.0,9.6,6.5,81.26,,12.2,33.4,294.75,6.9,2.24,12.5,260.0,20.8,62.7,1012.7,"Drizzle, Mist, Light Drizzle, Heavy Drizzle/Rain, Rain, Heavy Rain And Snow, Light Drizzle/Rain, Rain Showers, Heavy Rain, Light Rain, Snow",46.0506,14.5028,"Ljubljana, Slovenija","Ljubljana, Slovenija","","Rain, Partially cloudy"
"Ljubljana,Slovenia","02/04/2021",6.1,12.5,10.3,6.8,79.38,,9.2,20.5,277.58,4.2,0.2,8.33,255.0,21.2,55.8,1017.6,"Drizzle, Light Drizzle, Heavy Drizzle/Rain, Light Drizzle/Rain, Fog, Light Rain",46.0506,14.5028,"Ljubljana, Slovenija","Ljubljana, Slovenija","","Rain, Partially cloudy"
"Ljubljana,Slovenia","02/05/2021",10.0,11.9,10.7,7.2,78.9,,10.8,24.1,269.17,,1.0,8.33,250.0,17.3,46.3,1015.5,"Drizzle, Mist, Light Drizzle, Fog, Light Rain, Sky Coverage Increasing",46.0506,14.5028,"Ljubljana, Slovenija","Ljubljana, Slovenija","","Rain, Partially cloudy"
"Ljubljana,Slovenia","02/06/2021",6.7,12.0,11.1,7.2,77.43,,12.2,29.1,260.17,5.2,0.12,4.17,240.0,25.1,46.4,1008.4,"Mist, Light Drizzle, Heavy Drizzle/Rain, Rain, Light Drizzle/Rain, Fog, Heavy Rain, Light Rain",46.0506,14.5028,"Ljubljana, Slovenija","Ljubljana, Slovenija","","Rain, Partially cloudy"
"Ljubljana,Slovenia","02/07/2021",6.2,11.6,9.5,7.6,88.44,,13.1,23.7,146.0,5.1,18.13,12.5,235.0,18.6,40.2,994.5,"Drizzle, Light Snow, Light Drizzle, Light Drizzle/Rain, Hail, Fog, Ice, Rain, Heavy Rain And Snow, Rain Showers, Heavy Rain, Light Rain, Snow",46.0506,14.5028,"Ljubljana, Slovenija","Ljubljana, Slovenija","","Rain, Partially cloudy"
"Ljubljana,Slovenia","02/08/2021",4.3,9.5,6.0,3.2,82.89,,13.7,52.4,192.71,3.2,14.32,12.5,240.0,21.9,41.9,998.2,"Heavy Snow, Drizzle, Light Snow, Light Drizzle, Light Drizzle/Rain, Rain, Heavy Rain And Snow, Rain Showers, Heavy Rain, Light Rain, Sky Coverage Decreasing, Snow",46.0506,14.5028,"Ljubljana, Slovenija","Ljubljana, Slovenija","","Rain, Partially cloudy"
"Ljubljana,Slovenia","02/09/2021",3.6,6.9,5.0,4.1,94.18,,7.2,14.4,75.67,2.5,19.15,12.5,250.0,10.0,64.8,1002.5,"Drizzle, Heavy Snow, Heavy Drizzle, Light Drizzle, Heavy Drizzle/Rain, Light Drizzle/Rain, Ice, Mist, Rain, Heavy Rain And Snow, Light Rain, Snow",46.0506,14.5028,"Ljubljana, Slovenija","Ljubljana, Slovenija","","Rain, Partially cloudy"
"Ljubljana,Slovenia","02/10/2021",0.1,5.4,3.0,2.4,95.69,,18.0,16.2,156.55,-3.7,0.0,0.0,,8.0,88.8,1003.8,"Mist, Rain, Heavy Drizzle/Rain, Light Rain And Snow, Light Rain",46.0506,14.5028,"Ljubljana, Slovenija","Ljubljana, Slovenija","","Overcast"
"Ljubljana,Slovenia","02/11/2021",-8.2,0.2,-4.0,-7.0,80.16,,36.0,37.1,125.58,-11.4,0.0,0.0,,9.0,68.0,,"",46.0506,14.5028,"Ljubljana, Slovenija","Ljubljana, Slovenija","","Partially cloudy"
"Ljubljana,Slovenia","02/12/2021",-8.2,-3.0,-5.8,-11.7,63.6,,20.1,30.7,110.83,-13.0,0.0,0.0,,12.5,58.6,1035.1,"",46.0506,14.5028,"Ljubljana, Slovenija","Ljubljana, Slovenija","","Partially cloudy"
"Ljubljana,Slovenia","02/13/2021",-5.8,1.5,-2.5,-11.6,51.97,,22.0,48.3,120.38,-9.1,0.1,4.17,123.53,44.5,1.7,1036.4,"Light Snow, Snow",46.0506,14.5028,"Ljubljana, Slovenija","Ljubljana, Slovenija","","Rain"
"Ljubljana,Slovenia","02/14/2021",-7.3,4.5,-1.9,-12.2,49.47,,12.6,25.6,115.75,-9.9,0.0,0.0,250.0,50.6,1.6,1039.6,"",46.0506,14.5028,"Ljubljana, Slovenija","Ljubljana, Slovenija","","Clear"
"Ljubljana,Slovenia","02/15/2021",0.5,6.0,2.0,-10.0,41.91,,16.1,28.8,222.79,-2.2,0.0,0.0,270.0,44.0,18.7,1031.7,"",46.0506,14.5028,"Ljubljana, Slovenija","Ljubljana, Slovenija","","Clear"
"Ljubljana,Slovenia","02/16/2021",-2.8,9.9,4.7,-3.4,57.76,,14.4,33.4,233.29,-5.9,0.0,0.0,270.0,31.0,41.8,1022.8,"Drizzle, Mist, Light Drizzle/Rain, Rain Showers, Light Rain, Light Freezing Drizzle/Freezing Rain",46.0506,14.5028,"Ljubljana, Slovenija","Ljubljana, Slovenija","","Partially cloudy"
"Ljubljana,Slovenia","02/17/2021",-1.1,10.9,3.6,0.2,80.16,,11.1,21.6,179.13,-3.7,0.2,4.17,260.0,29.2,24.4,1023.5,"Mist, Rain Showers, Fog, Light Rain",46.0506,14.5028,"Ljubljana, Slovenija","Ljubljana, Slovenija","","Rain"
"Ljubljana,Slovenia","02/18/2021",5.1,9.5,7.1,1.6,68.48,,15.1,39.5,241.17,4.1,0.0,0.0,260.0,14.7,57.1,1022.9,"Drizzle, Mist",46.0506,14.5028,"Ljubljana, Slovenija","Ljubljana, Slovenija","","Partially cloudy"
"Ljubljana,Slovenia","02/19/2021",-1.3,10.0,3.8,0.5,80.69,,15.8,33.4,257.57,-4.2,0.0,0.0,15.0,10.1,56.4,1026.0,"",46.0506,14.5028,"Ljubljana, Slovenija","Ljubljana, Slovenija","","Partially cloudy"
"Ljubljana,Slovenia","02/20/2021",3.2,13.4,8.8,3.3,69.57,,13.7,28.0,226.38,1.4,0.0,0.0,13.0,13.5,38.3,1026.2,"Mist",46.0506,14.5028,"Ljubljana, Slovenija","Ljubljana, Slovenija","","Partially cloudy"
"Ljubljana,Slovenia","02/21/2021",6.1,13.0,9.6,3.3,65.45,,16.5,63.4,235.75,6.5,0.0,0.0,250.0,21.1,31.0,1027.6,"Mist, Sky Coverage Increasing",46.0506,14.5028,"Ljubljana, Slovenija","Ljubljana, Slovenija","","Partially cloudy"
"Ljubljana,Slovenia","02/22/2021",1.2,13.8,8.1,2.6,69.6,,25.1,47.0,192.08,0.3,0.0,0.0,248.0,25.4,5.5,1032.5,"Mist",46.0506,14.5028,"Ljubljana, Slovenija","Ljubljana, Slovenija","","Clear"
"Ljubljana,Slovenia","02/23/2021",2.3,19.5,9.4,1.7,62.45,,9.2,13.1,178.58,1.4,0.0,0.0,248.0,29.1,0.0,1037.5,"",46.0506,14.5028,"Ljubljana, Slovenija","Ljubljana, Slovenija","","Clear"
"Ljubljana,Slovenia","02/24/2021",2.5,19.6,9.7,1.5,60.21,,12.4,21.8,179.17,-0.5,0.0,0.0,247.0,27.9,0.0,1035.3,"",46.0506,14.5028,"Ljubljana, Slovenija","Ljubljana, Slovenija","","Clear"
"Ljubljana,Slovenia","02/25/2021",1.9,20.0,9.5,1.7,62.48,,11.1,9.0,161.83,,0.0,0.0,245.0,28.2,0.0,1030.9,"",46.0506,14.5028,"Ljubljana, Slovenija","Ljubljana, Slovenija","","Clear"
"Ljubljana,Slovenia","02/26/2021",3.3,21.2,10.1,1.2,58.31,,11.1,21.7,163.71,0.7,0.0,0.0,243.0,26.7,15.0,1026.5,"",46.0506,14.5028,"Ljubljana, Slovenija","Ljubljana, Slovenija","","Clear"
"Ljubljana,Slovenia","02/27/2021",0.0,12.2,6.0,-1.1,61.62,,14.4,28.8,118.5,-1.7,0.0,0.0,242.0,38.7,5.4,1034.6,"",46.0506,14.5028,"Ljubljana, Slovenija","Ljubljana, Slovenija","","Clear"
"Ljubljana,Slovenia","02/28/2021",-1.8,11.7,4.4,-3.6,59.86,,8.3,19.1,104.42,-3.6,0.0,0.0,242.0,43.8,0.0,1033.9,"",46.0506,14.5028,"Ljubljana, Slovenija","Ljubljana, Slovenija","","Clear"
"Ljubljana,Slovenia","03/01/2021",-0.3,15.0,6.3,-1.5,61.1,,9.5,23.0,114.79,-2.8,0.0,0.0,240.0,37.6,0.0,1034.9,"",46.0506,14.5028,"Ljubljana, Slovenija","Ljubljana, Slovenija","","Clear"
"Ljubljana,Slovenia","03/02/2021",-1.2,14.4,5.7,-1.8,61.77,,7.6,16.6,180.92,-2.3,0.0,0.0,240.0,41.9,0.0,1034.6,"",46.0506,14.5028,"Ljubljana, Slovenija","Ljubljana, Slovenija","","Clear"
"Ljubljana,Slovenia","03/03/2021",2.1,18.4,9.0,-1.6,52.02,,17.2,32.7,124.52,7.3,0.0,0.0,240.0,35.7,33.5,1026.3,"Mist, Sky Coverage Increasing, Sky Unchanged",46.0506,14.5028,"Ljubljana, Slovenija","Ljubljana, Slovenija","","Partially cloudy"
"Ljubljana,Slovenia","03/04/2021",6.8,14.6,10.0,-0.2,51.22,,22.6,45.6,224.46,6.4,0.0,0.0,240.0,18.7,60.2,1017.3,"Drizzle, Mist, Light Snow, Sky Unchanged",46.0506,14.5028,"Ljubljana, Slovenija","Ljubljana, Slovenija","","Partially cloudy"
"Ljubljana,Slovenia","03/05/2021",-0.3,15.4,5.2,-0.7,68.69,,14.8,32.7,143.83,-1.9,15.8,8.33,11.2,18.9,39.7,1025.7,"Heavy Snow, Drizzle, Light Snow, Fog, Ice, Mist, Rain, Light Rain And Snow, Rain Showers, Heavy Rain, Light Rain, Sky Coverage Decreasing, Sky Unchanged, Snow",46.0506,14.5028,"Ljubljana, Slovenija","Ljubljana, Slovenija","","Rain, Partially cloudy"
"Ljubljana,Slovenia","03/06/2021",-4.0,6.5,1.0,-6.4,60.88,,18.0,25.2,148.83,-8.9,0.0,0.0,245.0,45.4,4.4,1031.1,"",46.0506,14.5028,"Ljubljana, Slovenija","Ljubljana, Slovenija","","Clear"
"Ljubljana,Slovenia","03/07/2021",-2.4,10.0,3.0,-6.5,54.44,,7.9,18.7,99.13,1.9,0.0,0.0,245.0,39.9,10.1,1020.3,"Sky Coverage Increasing",46.0506,14.5028,"Ljubljana, Slovenija","Ljubljana, Slovenija","","Clear"
"Ljubljana,Slovenia","03/08/2021",0.6,12.9,6.0,-2.7,56.09,,10.8,21.6,104.75,-1.9,0.1,4.17,245.0,28.0,27.1,1019.2,"Drizzle, Light Snow, Precipitation In Vicinity, Light Drizzle, Rain, Fog, Sky Coverage Increasing",46.0506,14.5028,"Ljubljana, Slovenija","Ljubljana, Slovenija","","Rain, Partially cloudy"
"Ljubljana,Slovenia","03/09/2021",-1.2,8.9,3.6,-5.0,55.33,,9.0,21.3,157.46,5.2,0.0,0.0,243.0,28.3,12.1,1018.3,"",46.0506,14.5028,"Ljubljana, Slovenija","Ljubljana, Slovenija","","Clear"
"Ljubljana,Slovenia","03/10/2021",-0.6,9.5,3.7,-2.1,69.37,,13.0,18.7,129.96,1.7,0.0,0.0,243.0,19.6,41.0,1020.8,"Light Snow, Mist, Precipitation In Vicinity, Rain",46.0506,14.5028,"Ljubljana, Slovenija","Ljubljana, Slovenija","","Partially cloudy"
"Ljubljana,Slovenia","03/11/2021",6.6,10.0,8.0,2.4,69.98,,21.5,43.1,231.92,5.8,1.0,4.17,243.0,18.6,71.1,1015.1,"Drizzle, Mist, Light Drizzle, Rain, Light Drizzle/Rain, Fog, Light Rain, Snow",46.0506,14.5028,"Ljubljana, Slovenija","Ljubljana, Slovenija","","Rain, Partially cloudy"
"Ljubljana,Slovenia","03/12/2021",4.1,9.0,7.3,5.8,90.77,,10.8,10.8,132.67,2.7,6.7,12.5,240.0,15.2,55.7,1014.1,"Mist, Light Drizzle, Rain, Heavy Rain, Light Rain",46.0506,14.5028,"Ljubljana, Slovenija","Ljubljana, Slovenija","","Rain, Partially cloudy"
"Ljubljana,Slovenia","03/13/2021",5.4,14.5,9.7,3.7,67.22,,27.0,47.1,237.0,0.9,0.5,4.17,240.0,24.0,48.2,1008.9,"Ice, Drizzle, Heavy Snow, Light Snow, Heavy Drizzle, Light Drizzle, Rain, Rain Showers, Light Rain, Sky Unchanged, Snow",46.0506,14.5028,"Ljubljana, Slovenija","Ljubljana, Slovenija","","Rain, Partially cloudy"
"Ljubljana,Slovenia","03/14/2021",-0.4,3.6,0.9,-0.1,93.13,,11.5,31.7,218.39,-2.9,30.51,8.33,1.44,14.0,63.3,1011.7,"Heavy Snow, Light Snow, Light Drizzle, Thunderstorm, Fog, Mist, Heavy Rain And Snow, Light Rain And Snow, Rain Showers, Heavy Rain, Light Rain, Snow",46.0506,14.5028,"Ljubljana, Slovenija","Ljubljana, Slovenija","","Rain, Partially cloudy"
"Ljubljana,Slovenia","03/15/2021",0.6,11.5,5.3,-1.5,64.56,,14.1,20.1,238.71,-3.5,0.0,0.0,260.0,43.4,25.9,1010.8,"Rain, Sky Coverage Decreasing, Sky Coverage Increasing",46.0506,14.5028,"Ljubljana, Slovenija","Ljubljana, Slovenija","","Partially cloudy"
"Ljubljana,Slovenia","03/16/2021",-0.9,11.5,5.7,-7.5,41.56,,18.4,42.5,242.75,-1.3,0.0,0.0,260.0,50.0,30.5,1016.5,"Precipitation In Vicinity, Light Rain, Sky Coverage Decreasing, Sky Coverage Increasing",46.0506,14.5028,"Ljubljana, Slovenija","Ljubljana, Slovenija","","Partially cloudy"
"Ljubljana,Slovenia","03/17/2021",-1.8,10.9,3.6,-4.8,58.56,,12.6,37.0,162.42,-2.8,0.0,0.0,260.0,41.1,33.9,1018.6,"Drizzle, Light Snow, Precipitation In Vicinity, Rain, Rain Showers, Sky Coverage Decreasing, Sky Unchanged, Snow",46.0506,14.5028,"Ljubljana, Slovenija","Ljubljana, Slovenija","","Partially cloudy"
"Ljubljana,Slovenia","03/18/2021",-2.5,8.5,2.0,-3.8,68.0,,15.4,34.9,137.38,-0.5,0.21,4.17,260.0,33.1,28.8,1017.7,"Snow And Rain Showers, Snow Showers, Drizzle, Light Snow, Precipitation In Vicinity, Rain, Sky Coverage Increasing, Snow",46.0506,14.5028,"Ljubljana, Slovenija","Ljubljana, Slovenija","","Rain, Partially cloudy"
"Ljubljana,Slovenia","03/19/2021",-2.2,8.0,2.5,-5.4,59.36,,13.3,22.3,152.46,-4.3,0.2,4.17,260.0,28.2,39.6,1018.8,"Snow Showers, Light Snow, Precipitation In Vicinity, Sky Coverage Increasing, Sky Unchanged, Snow",46.0506,14.5028,"Ljubljana, Slovenija","Ljubljana, Slovenija","","Rain, Partially cloudy"
"Ljubljana,Slovenia","03/20/2021",-5.3,5.4,0.5,-6.7,59.33,,20.1,39.1,98.75,-8.3,0.95,8.33,84.71,35.6,35.6,1022.1,"Snow And Rain Showers, Snow Showers, Light Snow, Precipitation In Vicinity, Light Rain And Snow, Sky Coverage Decreasing, Sky Coverage Increasing, Snow",46.0506,14.5028,"Ljubljana, Slovenija","Ljubljana, Slovenija","","Rain, Partially cloudy"
"Ljubljana,Slovenia","03/21/2021",-1.1,8.9,3.6,-5.3,55.31,,13.6,28.1,137.58,-5.2,0.0,0.0,260.0,45.0,40.4,1013.5,"Light Snow, Precipitation In Vicinity, Rain, Sky Coverage Increasing",46.0506,14.5028,"Ljubljana, Slovenija","Ljubljana, Slovenija","","Partially cloudy"
"Ljubljana,Slovenia","03/22/2021",1.9,9.4,5.9,-5.6,44.69,,16.2,36.7,106.92,-0.2,0.0,0.0,250.0,43.6,39.2,1018.9,"Drizzle, Precipitation In Vicinity, Rain Showers",46.0506,14.5028,"Ljubljana, Slovenija","Ljubljana, Slovenija","","Partially cloudy"
"Ljubljana,Slovenia","03/23/2021",-0.6,12.9,6.3,-4.8,48.32,,7.2,18.0,206.08,-1.5,0.0,0.0,260.0,43.6,20.6,1023.4,"Sky Coverage Decreasing",46.0506,14.5028,"Ljubljana, Slovenija","Ljubljana, Slovenija","","Clear"
"Ljubljana,Slovenia","03/24/2021",0.6,15.7,7.8,-2.2,53.85,,10.8,17.9,159.5,-1.5,0.0,0.0,258.0,40.7,3.6,1022.8,"Sky Coverage Increasing",46.0506,14.5028,"Ljubljana, Slovenija","Ljubljana, Slovenija","","Clear"
"Ljubljana,Slovenia","03/25/2021",3.2,18.2,9.9,0.1,53.94,,11.5,28.7,165.21,2.5,0.0,0.0,255.0,37.4,12.1,1022.4,"Sky Coverage Increasing",46.0506,14.5028,"Ljubljana, Slovenija","Ljubljana, Slovenija","","Clear"
"Ljubljana,Slovenia","03/26/2021",4.6,19.5,11.8,2.0,55.21,,18.0,35.9,251.42,4.4,0.0,0.0,255.0,33.2,18.6,1023.1,"Mist, Light Drizzle, Sky Coverage Decreasing, Sky Coverage Increasing",46.0506,14.5028,"Ljubljana, Slovenija","Ljubljana, Slovenija","","Clear"
"Ljubljana,Slovenia","03/27/2021",7.1,13.2,9.9,5.7,75.16,,15.8,29.5,171.09,6.6,2.93,13.04,253.0,18.0,54.5,1027.6,"Drizzle, Mist, Light Snow, Light Drizzle, Rain, Light Drizzle/Rain, Rain Showers, Light Rain, Sky Coverage Increasing, Snow",46.0506,14.5028,"Ljubljana, Slovenija","Ljubljana, Slovenija","","Rain, Partially cloudy"
"Ljubljana,Slovenia","03/28/2021",3.1,9.9,6.6,3.4,80.85,,10.8,21.6,180.17,3.5,1.98,8.33,250.0,19.1,56.9,1034.0,"Drizzle, Mist, Light Drizzle, Rain, Light Rain And Snow, Rain Showers, Fog, Light Rain, Sky Unchanged",46.0506,14.5028,"Ljubljana, Slovenija","Ljubljana, Slovenija","","Rain, Partially cloudy"
"Ljubljana,Slovenia","03/29/2021",5.2,20.5,12.0,3.0,58.09,,6.5,11.6,142.67,7.1,0.0,0.0,250.0,42.7,17.7,1032.5,"Mist, Sky Coverage Decreasing, Sky Coverage Increasing",46.0506,14.5028,"Ljubljana, Slovenija","Ljubljana, Slovenija","","Clear"
"Ljubljana,Slovenia","03/30/2021",6.3,23.5,15.0,2.4,47.06,,10.8,14.4,161.5,5.8,0.0,0.0,248.0,45.8,5.6,1028.7,"Sky Coverage Increasing",46.0506,14.5028,"Ljubljana, Slovenija","Ljubljana, Slovenija","","Clear"
"Ljubljana,Slovenia","03/31/2021",7.3,24.8,15.7,3.5,48.82,,7.2,14.4,186.88,,0.0,0.0,245.0,43.5,4.4,1021.5,"",46.0506,14.5028,"Ljubljana, Slovenija","Ljubljana, Slovenija","","Clear"
"Ljubljana,Slovenia","04/01/2021",10.1,25.4,16.7,4.8,48.48,,14.4,30.9,159.3,,0.0,0.0,240.0,33.8,25.1,1014.3,"Rain Showers, Sky Coverage Increasing",46.0506,14.5028,"Ljubljana, Slovenija","Ljubljana, Slovenija","","Partially cloudy"
"Ljubljana,Slovenia","04/02/2021",7.5,22.4,13.7,6.1,65.09,,17.6,30.1,121.0,6.6,32.05,8.33,237.0,23.1,49.0,1012.4,"Drizzle, Heavy Drizzle, Mist, Light Drizzle, Rain, Light Drizzle/Rain, Rain Showers, Heavy Rain, Light Rain, Snow",46.0506,14.5028,"Ljubljana, Slovenija","Ljubljana, Slovenija","","Rain, Partially cloudy"
"Ljubljana,Slovenia","04/03/2021",2.1,12.4,7.2,-0.8,58.7,,15.8,31.0,117.67,0.6,3.22,12.5,235.0,44.6,21.6,1019.0,"Light Snow, Precipitation In Vicinity, Rain, Heavy Drizzle/Rain, Rain Showers, Light Rain",46.0506,14.5028,"Ljubljana, Slovenija","Ljubljana, Slovenija","","Rain"
"Ljubljana,Slovenia","04/04/2021",-0.6,11.8,5.9,-3.3,55.27,,10.9,25.2,113.33,0.8,0.0,0.0,230.0,48.1,4.1,1018.5,"",46.0506,14.5028,"Ljubljana, Slovenija","Ljubljana, Slovenija","","Clear"
"Ljubljana,Slovenia","04/05/2021",0.2,12.7,7.8,-0.6,58.54,,26.9,53.9,206.17,-1.7,7.23,4.17,1.3,35.3,20.4,1006.8,"Ice, Heavy Snow, Light Snow, Heavy Drizzle/Rain, Rain, Light Drizzle/Rain, Light Rain And Snow, Light Rain, Snow",46.0506,14.5028,"Ljubljana, Slovenija","Ljubljana, Slovenija","","Rain"
"Ljubljana,Slovenia","04/06/2021",-4.4,2.8,-1.5,-3.7,85.99,,7.2,18.1,178.38,-4.5,22.93,8.33,11.01,17.2,43.7,1012.0,"Snow Showers, Heavy Snow, Drizzle, Light Snow, Mist, Fog, Sky Coverage Decreasing, Snow",46.0506,14.5028,"Ljubljana, Slovenija","Ljubljana, Slovenija","","Rain, Partially cloudy"
"Ljubljana,Slovenia","04/07/2021",-3.3,5.8,0.7,-3.7,73.91,,14.4,32.4,174.22,-0.1,0.2,4.17,6.27,31.5,24.2,1021.0,"Light Snow, Mist, Rain, Thunderstorm, Rain Showers, Sky Unchanged",46.0506,14.5028,"Ljubljana, Slovenija","Ljubljana, Slovenija","","Rain"
"Ljubljana,Slovenia","04/08/2021",-0.9,12.0,5.5,-6.2,47.71,,16.5,30.6,183.38,5.3,0.0,0.0,238.0,46.0,9.8,1026.5,"Snow",46.0506,14.5028,"Ljubljana, Slovenija","Ljubljana, Slovenija","","Clear"
"Ljubljana,Slovenia","04/09/2021",7.0,14.0,10.2,1.1,54.7,,18.7,41.4,254.29,5.4,0.0,0.0,235.0,42.3,37.8,1023.2,"",46.0506,14.5028,"Ljubljana, Slovenija","Ljubljana, Slovenija","","Partially cloudy"
"Ljubljana,Slovenia","04/10/2021",9.0,15.5,11.5,1.7,54.45,,21.6,47.1,248.04,6.6,4.01,8.33,235.0,37.9,36.5,1020.1,"Drizzle, Light Snow, Light Drizzle, Heavy Drizzle/Rain, Heavy Rain And Snow, Light Drizzle/Rain, Light Rain, Sky Coverage Increasing, Snow",46.0506,14.5028,"Ljubljana, Slovenija","Ljubljana, Slovenija","","Rain, Partially cloudy"
"Ljubljana,Slovenia","04/11/2021",9.3,11.0,9.8,8.2,89.9,,18.0,14.4,177.25,6.7,15.69,12.5,235.0,13.8,44.7,1019.2,"Drizzle, Light Snow, Light Drizzle, Rain, Heavy Drizzle/Rain, Light Drizzle/Rain, Heavy Rain And Snow, Rain Showers, Heavy Rain, Light Rain",46.0506,14.5028,"Ljubljana, Slovenija","Ljubljana, Slovenija","","Rain, Partially cloudy"
"Ljubljana,Slovenia","04/12/2021",1.1,11.5,6.9,5.5,90.99,,21.5,39.5,230.33,-2.9,34.96,12.5,11.35,7.7,64.3,1019.3,"Drizzle, Heavy Snow, Light Snow, Light Drizzle, Heavy Drizzle/Rain, Light Drizzle/Rain, Ice, Rain, Heavy Rain And Snow, Heavy Rain, Light Rain, Snow",46.0506,14.5028,"Ljubljana, Slovenija","Ljubljana, Slovenija","","Rain, Partially cloudy"
"Ljubljana,Slovenia","04/13/2021",0.4,7.6,2.9,0.7,85.82,,19.0,14.5,205.33,-2.0,12.88,12.5,11.35,22.7,48.3,1023.2,"Light Snow, Mist, Rain, Light Drizzle/Rain, Light Rain And Snow, Fog, Light Rain, Sky Coverage Decreasing, Snow",46.0506,14.5028,"Ljubljana, Slovenija","Ljubljana, Slovenija","","Rain, Partially cloudy"
"Ljubljana,Slovenia","04/14/2021",-0.4,10.0,5.2,-2.5,61.61,,10.7,28.4,133.42,2.1,0.0,0.0,250.0,46.5,27.5,1023.9,"Precipitation In Vicinity, Light Drizzle",46.0506,14.5028,"Ljubljana, Slovenija","Ljubljana, Slovenija","","Partially cloudy"
"Ljubljana,Slovenia","04/15/2021",2.1,10.5,6.8,-4.1,47.98,,9.0,19.1,150.96,6.0,0.0,0.0,245.0,41.1,25.6,1022.1,"Light Snow, Snow",46.0506,14.5028,"Ljubljana, Slovenija","Ljubljana, Slovenija","","Partially cloudy"
"Ljubljana,Slovenia","04/16/2021",2.5,13.0,7.7,-3.2,48.71,,10.8,28.0,129.67,1.4,0.0,0.0,245.0,40.3,30.0,1019.8,"",46.0506,14.5028,"Ljubljana, Slovenija","Ljubljana, Slovenija","","Partially cloudy"
"Ljubljana,Slovenia","04/17/2021",6.4,12.9,8.8,0.2,55.32,,19.4,34.5,113.04,5.0,0.0,0.0,245.0,29.8,37.4,1016.7,"Drizzle, Mist, Light Drizzle",46.0506,14.5028,"Ljubljana, Slovenija","Ljubljana, Slovenija","","Partially cloudy"
"Ljubljana,Slovenia","04/18/2021",2.6,9.4,7.0,2.6,74.8,,11.9,21.6,215.83,1.2,0.5,8.33,245.0,21.5,34.0,1017.7,"Drizzle, Light Snow, Mist, Light Drizzle, Rain, Light Drizzle/Rain, Rain Showers, Fog, Light Rain, Snow",46.0506,14.5028,"Ljubljana, Slovenija","Ljubljana, Slovenija","","Rain, Partially cloudy"
"Ljubljana,Slovenia","04/19/2021",5.0,12.5,8.1,4.6,80.46,,10.7,29.8,191.38,8.6,1.7,12.5,245.0,17.0,52.9,1015.7,"Snow Showers, Light Snow, Mist, Rain, Light Drizzle/Rain, Rain Showers, Fog, Heavy Rain, Light Rain",46.0506,14.5028,"Ljubljana, Slovenija","Ljubljana, Slovenija","","Rain, Partially cloudy"
"Ljubljana,Slovenia","04/20/2021",3.2,15.9,9.0,3.8,72.16,,15.4,29.1,168.39,3.9,1.12,8.33,245.0,26.5,25.5,1016.4,"Mist, Light Drizzle/Rain, Rain Showers, Fog, Sky Coverage Decreasing",46.0506,14.5028,"Ljubljana, Slovenija","Ljubljana, Slovenija","","Rain, Partially cloudy"
"Ljubljana,Slovenia","04/21/2021",6.1,17.5,11.9,3.8,59.28,,24.1,43.9,221.25,7.1,6.03,8.33,245.0,37.8,19.0,1017.9,"Light Snow, Light Drizzle, Light Drizzle/Rain, Snow",46.0506,14.5028,"Ljubljana, Slovenija","Ljubljana, Slovenija","","Rain"
"Ljubljana,Slovenia","04/22/2021",7.1,19.0,12.2,5.5,66.27,,18.0,37.4,161.42,7.5,2.89,8.33,240.0,30.9,31.6,1020.5,"Rain, Fog, Heavy Rain, Sky Coverage Decreasing",46.0506,14.5028,"Ljubljana, Slovenija","Ljubljana, Slovenija","","Rain, Partially cloudy"
"Ljubljana,Slovenia","04/23/2021",4.7,18.5,11.9,1.3,51.68,,7.6,18.0,114.79,5.2,0.0,0.0,240.0,40.9,4.0,1024.0,"",46.0506,14.5028,"Ljubljana, Slovenija","Ljubljana, Slovenija","","Clear"
"Ljubljana,Slovenia","04/24/2021",5.7,20.4,13.2,0.6,46.48,,7.2,18.4,153.33,,0.0,0.0,230.0,36.1,11.7,1019.7,"",46.0506,14.5028,"Ljubljana, Slovenija","Ljubljana, Slovenija","","Clear"
"Ljubljana,Slovenia","04/25/2021",8.4,22.7,14.6,1.0,42.11,,15.1,31.6,70.79,6.9,1.35,4.17,225.0,31.7,37.6,1017.3,"Ice, Drizzle, Light Snow, Mist, Light Drizzle, Rain, Rain Showers, Light Rain, Snow",46.0506,14.5028,"Ljubljana, Slovenija","Ljubljana, Slovenija","","Rain, Partially cloudy"
"Ljubljana,Slovenia","04/26/2021",5.6,11.9,7.6,3.0,74.78,,13.3,22.3,194.88,4.8,1.81,12.5,225.0,19.3,50.3,1014.9,"Drizzle, Light Snow, Mist, Light Drizzle, Rain, Heavy Drizzle/Rain, Light Drizzle/Rain, Light Rain, Snow",46.0506,14.5028,"Ljubljana, Slovenija","Ljubljana, Slovenija","","Rain, Partially cloudy"
"Ljubljana,Slovenia","04/27/2021",7.0,9.9,7.7,5.1,83.63,,10.8,18.0,76.7,5.2,0.71,8.33,220.0,17.8,52.7,1012.0,"Drizzle, Mist, Light Drizzle, Heavy Drizzle/Rain, Rain, Light Drizzle/Rain, Fog, Light Rain",46.0506,14.5028,"Ljubljana, Slovenija","Ljubljana, Slovenija","","Rain, Partially cloudy"
"Ljubljana,Slovenia","04/28/2021",8.1,13.7,10.7,7.9,83.25,,7.2,14.4,174.17,9.0,0.22,4.17,215.0,21.5,47.0,1010.0,"Drizzle, Mist, Heavy Drizzle, Light Drizzle, Heavy Drizzle/Rain, Rain, Light Drizzle/Rain, Fog, Light Rain, Sky Coverage Decreasing",46.0506,14.5028,"Ljubljana, Slovenija","Ljubljana, Slovenija","","Rain, Partially cloudy"
"Ljubljana,Slovenia","04/29/2021",12.5,18.2,15.0,11.3,79.42,,14.4,32.4,155.38,,15.24,12.5,200.0,23.0,47.0,1010.1,"Drizzle, Mist, Light Drizzle, Heavy Drizzle/Rain, Rain, Light Drizzle/Rain, Rain Showers, Heavy Rain, Light Rain",46.0506,14.5028,"Ljubljana, Slovenija","Ljubljana, Slovenija","","Rain, Partially cloudy"
"Ljubljana,Slovenia","04/30/2021",12.5,20.9,16.6,11.2,71.93,,14.4,27.7,224.04,,5.32,12.5,0.27,27.3,17.7,1010.7,"Light Drizzle, Rain, Rain Showers, Heavy Rain, Sky Coverage Decreasing",46.0506,14.5028,"Ljubljana, Slovenija","Ljubljana, Slovenija","","Rain"
"Ljubljana,Slovenia","05/01/2021",14.0,23.0,17.4,11.8,72.07,,19.1,43.1,215.92,,32.38,8.33,185.0,22.1,44.2,1005.5,"Drizzle, Light Drizzle, Rain, Heavy Drizzle/Rain, Light Drizzle/Rain, Rain Showers, Heavy Rain, Light Rain",46.0506,14.5028,"Ljubljana, Slovenija","Ljubljana, Slovenija","","Rain, Partially cloudy"
"Ljubljana,Slovenia","05/02/2021",6.0,16.5,9.4,6.0,80.15,,19.4,41.6,261.71,3.4,54.0,12.5,230.0,23.3,43.0,1017.3,"Heavy Snow, Drizzle, Light Snow, Light Drizzle, Heavy Drizzle/Rain, Light Drizzle/Rain, Hail, Ice, Rain, Heavy Rain And Snow, Rain Showers, Heavy Rain, Light Rain, Sky Coverage Decreasing, Snow",46.0506,14.5028,"Ljubljana, Slovenija","Ljubljana, Slovenija","","Rain, Partially cloudy"
"Ljubljana,Slovenia","05/03/2021",3.7,15.4,9.8,4.0,70.05,,9.0,19.1,132.0,,0.59,4.17,220.0,33.3,29.4,1020.4,"Mist, Fog, Sky Coverage Decreasing, Sky Coverage Increasing",46.0506,14.5028,"Ljubljana, Slovenija","Ljubljana, Slovenija","","Rain, Partially cloudy"
"Ljubljana,Slovenia","05/04/2021",9.6,19.4,14.6,4.7,53.52,,22.3,43.2,243.5,,0.3,4.17,200.0,41.7,29.6,1010.6,"Mist, Light Drizzle, Light Drizzle/Rain, Light Rain, Sky Coverage Increasing",46.0506,14.5028,"Ljubljana, Slovenija","Ljubljana, Slovenija","","Rain, Partially cloudy"
"Ljubljana,Slovenia","05/05/2021",3.9,17.9,9.8,5.4,77.38,,18.7,41.0,196.04,1.4,15.13,12.5,205.0,25.8,65.9,1012.2,"Drizzle, Heavy Snow, Light Snow, Light Drizzle, Thunderstorm, Heavy Drizzle/Rain, Light Drizzle/Rain, Ice, Rain, Heavy Rain And Snow, Light Rain And Snow, Rain Showers, Heavy Rain, Light Rain, Snow",46.0506,14.5028,"Ljubljana, Slovenija","Ljubljana, Slovenija","","Rain, Partially cloudy"
"Ljubljana,Slovenia","05/06/2021",4.5,9.7,6.7,5.4,91.41,,10.8,22.3,215.79,2.8,11.39,12.5,195.0,14.5,66.3,1012.5,"Drizzle, Mist, Light Drizzle, Rain, Heavy Drizzle/Rain, Light Drizzle/Rain, Rain Showers, Heavy Rain, Light Rain, Sky Coverage Decreasing",46.0506,14.5028,"Ljubljana, Slovenija","Ljubljana, Slovenija","","Rain, Partially cloudy"
"Ljubljana,Slovenia","05/07/2021",5.0,12.3,8.2,6.9,92.26,,20.5,33.8,105.08,7.0,34.94,12.5,190.0,22.0,58.5,1017.8,"Drizzle, Light Drizzle, Heavy Drizzle/Rain, Thunderstorm, Light Drizzle/Rain, Fog, Mist, Rain, Rain Showers, Heavy Rain, Light Rain, Sky Unchanged",46.0506,14.5028,"Ljubljana, Slovenija","Ljubljana, Slovenija","","Rain, Partially cloudy"
"Ljubljana,Slovenia","05/08/2021",5.2,17.4,11.8,4.4,63.32,,10.8,20.9,124.38,,0.0,0.0,180.0,48.9,16.1,1021.3,"Fog",46.0506,14.5028,"Ljubljana, Slovenija","Ljubljana, Slovenija","","Clear"
"Ljubljana,Slovenia","05/09/2021",10.6,24.2,17.8,7.1,53.1,,15.1,33.1,222.88,,0.0,0.0,170.0,46.9,14.6,1017.1,"Sky Coverage Increasing",46.0506,14.5028,"Ljubljana, Slovenija","Ljubljana, Slovenija","","Clear"
"Ljubljana,Slovenia","05/10/2021",10.3,24.9,18.5,7.5,51.25,,18.0,41.4,222.58,,0.0,0.0,160.0,49.3,12.5,1014.8,"Sky Coverage Decreasing, Sky Coverage Increasing",46.0506,14.5028,"Ljubljana, Slovenija","Ljubljana, Slovenija","","Clear"
"Ljubljana,Slovenia","05/11/2021",13.0,25.5,18.6,10.3,62.84,,20.2,37.1,241.83,,9.39,4.17,150.0,24.2,57.7,1008.2,"Drizzle, Mist, Light Drizzle, Rain, Heavy Drizzle/Rain, Light Drizzle/Rain, Rain Showers, Heavy Rain, Light Rain",46.0506,14.5028,"Ljubljana, Slovenija","Ljubljana, Slovenija","","Rain, Partially cloudy"
"Ljubljana,Slovenia","05/12/2021",11.5,16.5,14.1,10.3,78.08,,10.7,25.5,266.58,,6.21,12.5,140.0,20.8,62.7,1005.9,"Mist, Light Drizzle, Precipitation In Vicinity, Rain, Light Drizzle/Rain, Rain Showers, Heavy Rain, Light Rain, Sky Coverage Increasing",46.0506,14.5028,"Ljubljana, Slovenija","Ljubljana, Slovenija","","Rain, Partially cloudy"
"Ljubljana,Slovenia","05/13/2021",11.1,17.8,13.6,9.3,76.15,,21.6,37.7,192.67,,13.24,12.5,130.0,30.0,63.9,1005.8,"Light Drizzle, Rain, Light Drizzle/Rain, Rain Showers, Fog, Light Rain",46.0506,14.5028,"Ljubljana, Slovenija","Ljubljana, Slovenija","","Rain, Partially cloudy"
"Ljubljana,Slovenia","05/14/2021",8.8,16.5,13.2,9.2,77.61,,12.6,35.8,256.46,,10.14,12.5,120.0,22.5,57.1,1009.9,"Drizzle, Mist, Light Drizzle, Rain, Heavy Drizzle/Rain, Light Drizzle/Rain, Rain Showers, Light Rain, Sky Coverage Decreasing, Sky Coverage Increasing",46.0506,14.5028,"Ljubljana, Slovenija","Ljubljana, Slovenija","","Rain, Partially cloudy"
"Ljubljana,Slovenia","05/15/2021",8.9,18.2,14.5,8.9,70.5,,14.4,27.7,188.63,,1.88,12.5,115.0,35.1,34.5,1008.2,"Drizzle, Light Drizzle, Rain, Heavy Drizzle/Rain, Light Drizzle/Rain, Rain Showers, Heavy Rain, Light Rain, Sky Coverage Increasing, Sky Unchanged",46.0506,14.5028,"Ljubljana, Slovenija","Ljubljana, Slovenija","","Rain, Partially cloudy"
"Ljubljana,Slovenia","05/16/2021",10.0,19.4,14.2,11.3,83.58,,15.1,35.5,196.96,,27.68,12.5,105.0,17.5,47.4,1005.8,"Drizzle, Heavy Snow, Light Snow, Light Drizzle, Heavy Drizzle/Rain, Thunderstorm, Light Drizzle/Rain, Fog, Ice, Rain, Heavy Rain And Snow, Rain Showers, Heavy Rain, Light Rain, Snow",46.0506,14.5028,"Ljubljana, Slovenija","Ljubljana, Slovenija","","Rain, Partially cloudy"
"Ljubljana,Slovenia","05/17/2021",8.0,16.5,10.9,7.7,82.18,,12.9,25.2,170.04,7.3,12.09,8.33,100.0,21.9,35.9,1011.3,"Mist, Rain, Thunderstorm, Light Drizzle/Rain, Rain Showers, Fog, Light Rain, Sky Coverage Decreasing",46.0506,14.5028,"Ljubljana, Slovenija","Ljubljana, Slovenija","","Rain, Partially cloudy"
"Ljubljana,Slovenia","05/18/2021",8.4,21.0,13.8,7.7,70.3,,17.3,33.5,144.79,6.3,25.83,8.33,105.0,24.4,51.7,1012.2,"Hail Showers, Drizzle, Light Snow, Precipitation In Vicinity, Light Drizzle, Rain, Rain Showers, Heavy Rain, Light Rain, Snow",46.0506,14.5028,"Ljubljana, Slovenija","Ljubljana, Slovenija","","Rain, Partially cloudy"
"Ljubljana,Slovenia","05/19/2021",6.9,17.5,10.1,6.9,82.15,,7.2,14.1,208.92,6.1,16.47,8.33,105.0,30.2,50.2,1015.3,"Mist, Light Drizzle, Rain, Light Drizzle/Rain, Fog, Light Rain, Sky Coverage Increasing, Snow",46.0506,14.5028,"Ljubljana, Slovenija","Ljubljana, Slovenija","","Rain, Partially cloudy"
"Ljubljana,Slovenia","05/20/2021",5.1,20.9,14.1,4.2,56.4,,18.0,28.8,194.08,8.7,0.36,4.17,100.0,46.5,27.4,1018.9,"Rain Showers, Heavy Rain, Light Rain, Sky Coverage Decreasing",46.0506,14.5028,"Ljubljana, Slovenija","Ljubljana, Slovenija","","Rain, Partially cloudy"
"Ljubljana,Slovenia","05/21/2021",13.9,21.4,16.6,5.8,49.89,,20.8,38.9,250.38,,2.0,4.17,95.0,49.2,43.8,1013.6,"Drizzle, Precipitation In Vicinity, Light Drizzle, Rain, Heavy Drizzle/Rain, Rain Showers, Heavy Rain, Light Rain, Sky Coverage Increasing, Sky Unchanged",46.0506,14.5028,"Ljubljana, Slovenija","Ljubljana, Slovenija","","Rain, Partially cloudy"
"Ljubljana,Slovenia","05/22/2021",11.6,17.5,14.1,9.6,76.61,,17.9,45.6,219.54,,27.32,12.5,90.0,25.5,43.8,1014.0,"Drizzle, Mist, Light Drizzle, Heavy Drizzle/Rain, Rain, Rain Showers, Fog, Heavy Rain, Light Rain",46.0506,14.5028,"Ljubljana, Slovenija","Ljubljana, Slovenija","","Rain, Partially cloudy"
"Ljubljana,Slovenia","05/23/2021",6.0,17.7,10.4,8.4,87.83,,22.6,44.9,235.5,8.0,3.81,12.5,90.0,29.2,44.9,1021.2,"Ice, Heavy Snow, Mist, Light Drizzle, Rain, Heavy Drizzle/Rain, Light Drizzle/Rain, Rain Showers, Fog, Heavy Rain, Light Rain",46.0506,14.5028,"Ljubljana, Slovenija","Ljubljana, Slovenija","","Rain, Partially cloudy"
"Ljubljana,Slovenia","05/24/2021",9.1,15.5,11.2,9.9,91.88,,7.6,18.1,121.04,,18.22,12.5,85.0,7.8,67.2,1017.2,"Drizzle, Mist, Light Drizzle, Rain, Heavy Drizzle/Rain, Light Drizzle/Rain, Fog, Rain Showers, Heavy Rain, Light Rain",46.0506,14.5028,"Ljubljana, Slovenija","Ljubljana, Slovenija","","Rain, Partially cloudy"
"Ljubljana,Slovenia","05/25/2021",5.7,19.0,11.0,7.9,82.34,,14.4,53.9,154.17,3.3,8.03,12.5,80.0,27.9,51.5,1021.9,"Light Drizzle, Heavy Drizzle/Rain, Light Drizzle/Rain, Fog, Ice, Mist, Rain, Rain Showers, Heavy Rain, Light Rain, Sky Coverage Decreasing, Sky Coverage Increasing",46.0506,14.5028,"Ljubljana, Slovenija","Ljubljana, Slovenija","","Rain, Partially cloudy"
"Ljubljana,Slovenia","05/26/2021",8.9,21.2,15.2,7.8,63.71,,8.1,18.7,192.42,8.1,0.0,0.0,75.0,44.7,15.8,1016.5,"Sky Coverage Increasing, Sky Unchanged",46.0506,14.5028,"Ljubljana, Slovenija","Ljubljana, Slovenija","","Clear"
"Ljubljana,Slovenia","05/27/2021",8.3,23.9,14.9,9.4,73.35,,17.7,33.5,141.25,7.5,2.86,8.33,70.0,33.1,42.0,1017.7,"Drizzle, Thunderstorm, Thunderstorm Without Precipitation, Fog, Mist, Precipitation In Vicinity, Rain, Rain Showers, Heavy Rain, Light Rain, Sky Coverage Increasing, Sky Unchanged",46.0506,14.5028,"Ljubljana, Slovenija","Ljubljana, Slovenija","","Rain, Partially cloudy"
"Ljubljana,Slovenia","05/28/2021",9.9,21.2,15.9,8.1,62.38,,10.8,21.6,118.0,,0.0,0.0,65.0,49.1,31.2,1019.1,"Sky Unchanged",46.0506,14.5028,"Ljubljana, Slovenija","Ljubljana, Slovenija","","Partially cloudy"
"Ljubljana,Slovenia","05/29/2021",9.0,20.0,12.4,9.5,83.7,,26.2,42.3,89.0,7.3,5.2,8.33,60.0,24.4,39.7,1021.1,"Mist, Rain, Rain Showers, Fog, Heavy Rain, Light Rain",46.0506,14.5028,"Ljubljana, Slovenija","Ljubljana, Slovenija","","Rain, Partially cloudy"
"Ljubljana,Slovenia","05/30/2021",6.7,18.0,12.9,6.9,68.85,,12.2,25.9,155.04,5.3,0.4,4.17,60.0,48.0,11.4,1021.4,"Rain, Fog",46.0506,14.5028,"Ljubljana, Slovenija","Ljubljana, Slovenija","","Rain"
"Ljubljana,Slovenia","05/31/2021",9.2,20.7,15.7,6.1,55.83,,9.3,24.4,181.61,,0.0,0.0,55.0,48.1,33.6,1018.7,"Sky Coverage Increasing, Sky Unchanged",46.0506,14.5028,"Ljubljana, Slovenija","Ljubljana, Slovenija","","Partially cloudy"
"Ljubljana,Slovenia","06/01/2021",7.1,22.0,15.6,7.1,62.42,,16.0,19.5,143.71,,0.0,0.0,50.0,25.8,27.1,1018.0,"Sky Coverage Increasing",46.0506,14.5028,"Ljubljana, Slovenija","Ljubljana, Slovenija","","Partially cloudy"
"Ljubljana,Slovenia","06/02/2021",11.2,24.7,18.1,8.2,54.71,,12.6,28.8,164.25,,0.0,0.0,45.0,35.0,21.2,1020.9,"Sky Unchanged",46.0506,14.5028,"Ljubljana, Slovenija","Ljubljana, Slovenija","","Clear"
"Ljubljana,Slovenia","06/03/2021",13.1,27.4,19.4,12.5,68.65,26.8,14.4,28.7,134.42,,5.29,8.33,40.0,28.3,18.1,1022.9,"Mist, Light Rain",46.0506,14.5028,"Ljubljana, Slovenija","Ljubljana, Slovenija","","Rain"
"Ljubljana,Slovenia","06/04/2021",14.6,28.2,21.0,13.8,66.68,27.9,14.1,29.9,180.04,,1.31,4.17,35.0,27.2,28.7,1021.0,"Lightning Without Thunder, Mist, Precipitation In Vicinity, Rain, Thunderstorm, Rain Showers, Fog, Sky Unchanged",46.0506,14.5028,"Ljubljana, Slovenija","Ljubljana, Slovenija","","Rain, Partially cloudy"
"Ljubljana,Slovenia","06/05/2021",16.9,28.0,22.2,13.4,60.58,27.6,18.0,39.5,226.88,,2.3,4.17,30.0,32.4,31.2,1017.0,"Light Drizzle, Rain, Rain Showers, Heavy Rain, Light Rain, Sky Coverage Increasing",46.0506,14.5028,"Ljubljana, Slovenija","Ljubljana, Slovenija","","Rain, Partially cloudy"
"Ljubljana,Slovenia","06/06/2021",16.5,22.5,18.7,15.6,82.87,,13.3,24.4,213.67,,11.76,12.5,20.0,27.1,49.0,1018.0,"Drizzle, Light Drizzle, Rain, Heavy Drizzle/Rain, Rain Showers, Heavy Rain, Light Rain",46.0506,14.5028,"Ljubljana, Slovenija","Ljubljana, Slovenija","","Rain, Partially cloudy"
"Ljubljana,Slovenia","06/07/2021",13.7,21.9,17.8,14.6,82.36,,11.5,24.4,239.58,,3.66,8.33,,27.5,28.3,1018.6,"Mist, Rain, Thunderstorm, Thunderstorm Without Precipitation, Rain Showers, Fog, Light Rain, Sky Unchanged",46.0506,14.5028,"Ljubljana, Slovenija","Ljubljana, Slovenija","","Rain, Partially cloudy"
"Ljubljana,Slovenia","06/08/2021",13.9,27.4,21.1,11.9,58.5,26.7,12.2,25.9,167.42,,0.43,4.17,,29.6,23.5,1017.4,"Drizzle, Rain, Sky Unchanged",46.0506,14.5028,"Ljubljana, Slovenija","Ljubljana, Slovenija","","Rain"
"Ljubljana,Slovenia","06/09/2021",14.8,26.9,20.8,13.0,63.99,26.7,14.4,27.3,140.13,,6.29,8.33,,30.9,40.6,1017.8,"Light Drizzle, Rain, Light Rain, Sky Coverage Decreasing",46.0506,14.5028,"Ljubljana, Slovenija","Ljubljana, Slovenija","","Rain, Partially cloudy"
"Ljubljana,Slovenia","06/10/2021",13.7,25.0,19.0,13.1,70.83,,14.4,32.3,161.71,,0.51,4.17,,37.7,47.3,1017.9,"Precipitation In Vicinity, Rain Showers, Light Rain, Sky Unchanged",46.0506,14.5028,"Ljubljana, Slovenija","Ljubljana, Slovenija","","Rain, Partially cloudy"
"Ljubljana,Slovenia","06/11/2021",14.1,26.0,19.5,12.6,68.06,,21.5,35.9,176.0,,12.39,8.33,0.0,33.5,32.6,1017.8,"Mist, Thunderstorm, Sky Coverage Increasing",46.0506,14.5028,"Ljubljana, Slovenija","Ljubljana, Slovenija","","Rain, Partially cloudy"
"Ljubljana,Slovenia","06/12/2021",18.1,27.7,22.9,13.7,58.0,27.5,14.4,28.8,171.35,,0.1,4.17,,43.7,40.1,1016.5,"Sky Unchanged",46.0506,14.5028,"Ljubljana, Slovenija","Ljubljana, Slovenija","","Rain, Partially cloudy"
"Ljubljana,Slovenia","06/13/2021",12.9,25.0,19.2,10.9,58.86,,12.2,25.6,108.04,,0.0,0.0,,46.7,11.7,1021.1,"Mist",46.0506,14.5028,"Ljubljana, Slovenija","Ljubljana, Slovenija","","Clear"
"Ljubljana,Slovenia","06/14/2021",11.6,23.0,18.1,9.1,57.38,,10.8,21.6,157.13,,0.0,0.0,,45.1,6.5,1020.2,"",46.0506,14.5028,"Ljubljana, Slovenija","Ljubljana, Slovenija","","Clear"
"Ljubljana,Slovenia","06/15/2021",16.1,28.0,22.1,11.8,54.67,27.2,8.8,18.0,143.26,,0.0,0.0,,37.4,31.8,1017.2,"Sky Coverage Increasing",46.0506,14.5028,"Ljubljana, Slovenija","Ljubljana, Slovenija","","Partially cloudy"
"Ljubljana,Slovenia","06/16/2021",16.7,29.7,23.5,13.4,55.66,28.9,10.8,21.6,139.39,,0.0,0.0,,44.0,7.3,1016.5,"",46.0506,14.5028,"Ljubljana, Slovenija","Ljubljana, Slovenija","","Clear"
"Ljubljana,Slovenia","06/17/2021",16.9,30.5,24.4,15.4,59.91,30.0,10.1,22.3,188.92,,0.0,0.0,,34.7,22.4,1016.4,"Precipitation In Vicinity, Rain, Rain Showers, Light Rain, Sky Coverage Increasing",46.0506,14.5028,"Ljubljana, Slovenija","Ljubljana, Slovenija","","Clear"
"Ljubljana,Slovenia","06/18/2021",17.7,30.4,24.4,14.2,54.83,29.9,14.4,28.8,176.21,,1.0,4.17,,36.1,14.6,1015.7,"Thunderstorm, Sky Unchanged",46.0506,14.5028,"Ljubljana, Slovenija","Ljubljana, Slovenija","","Rain"
"Ljubljana,Slovenia","06/19/2021",20.3,32.9,26.3,18.3,63.99,33.0,9.0,18.4,143.04,,0.0,0.0,,26.6,19.4,1012.7,"Sky Coverage Increasing",46.0506,14.5028,"Ljubljana, Slovenija","Ljubljana, Slovenija","","Clear"
"Ljubljana,Slovenia","06/20/2021",20.3,31.9,26.0,17.6,61.37,33.9,12.6,25.2,181.29,,0.0,0.0,,24.3,25.6,1009.1,"Mist",46.0506,14.5028,"Ljubljana, Slovenija","Ljubljana, Slovenija","","Partially cloudy"
"Ljubljana,Slovenia","06/21/2021",19.1,32.0,26.4,15.5,52.86,31.8,17.8,39.6,233.5,,0.0,0.0,,28.6,7.7,1008.3,"Light Drizzle/Rain, Sky Coverage Increasing",46.0506,14.5028,"Ljubljana, Slovenija","Ljubljana, Slovenija","","Clear"
"Ljubljana,Slovenia","06/22/2021",17.6,32.0,25.3,12.7,47.55,31.5,18.0,39.5,215.88,,0.0,0.0,,40.4,6.9,1012.2,"",46.0506,14.5028,"Ljubljana, Slovenija","Ljubljana, Slovenija","","Clear"
"Ljubljana,Slovenia","06/23/2021",20.6,33.7,27.7,16.7,54.22,34.0,11.5,33.1,144.5,,0.2,4.17,,28.2,13.7,1014.0,"Sky Coverage Increasing",46.0506,14.5028,"Ljubljana, Slovenija","Ljubljana, Slovenija","","Rain"
"Ljubljana,Slovenia","06/24/2021",19.1,33.7,26.7,15.0,50.45,33.8,19.1,36.7,195.46,,6.0,4.17,,34.6,9.8,1013.5,"Rain, Rain Showers, Sky Coverage Increasing",46.0506,14.5028,"Ljubljana, Slovenija","Ljubljana, Slovenija","","Rain"
"Ljubljana,Slovenia","06/25/2021",18.0,30.9,24.1,11.4,47.25,29.6,12.3,33.1,170.0,,0.0,0.0,,47.2,13.8,1014.9,"",46.0506,14.5028,"Ljubljana, Slovenija","Ljubljana, Slovenija","","Clear"
"Ljubljana,Slovenia","06/26/2021",18.1,30.3,24.5,13.0,50.98,29.0,10.8,21.2,181.08,,10.1,8.33,,43.6,10.1,1015.3,"",46.0506,14.5028,"Ljubljana, Slovenija","Ljubljana, Slovenija","","Rain"
"Ljubljana,Slovenia","06/27/2021",18.6,30.9,25.3,15.2,55.99,30.4,9.7,19.1,202.13,,0.0,0.0,,45.5,9.8,1015.1,"",46.0506,14.5028,"Ljubljana, Slovenija","Ljubljana, Slovenija","","Clear"
"Ljubljana,Slovenia","06/28/2021",18.7,34.5,26.7,12.2,43.47,33.4,14.7,25.5,182.33,,0.0,0.0,,46.9,6.1,1012.9,"",46.0506,14.5028,"Ljubljana, Slovenija","Ljubljana, Slovenija","","Clear"
"Ljubljana,Slovenia","06/29/2021",19.1,34.0,27.0,14.9,50.42,33.0,18.0,35.3,205.67,,0.3,4.17,,37.1,10.2,1008.9,"",46.0506,14.5028,"Ljubljana, Slovenija","Ljubljana, Slovenija","","Rain"
"Ljubljana,Slovenia","06/30/2021",14.6,30.9,21.7,11.9,60.62,29.2,21.6,50.4,197.96,,2.1,4.17,,40.1,20.9,1010.9,"Lightning Without Thunder, Rain, Rain Showers, Fog, Heavy Rain, Light Rain",46.0506,14.5028,"Ljubljana, Slovenija","Ljubljana, Slovenija","","Rain"
"Ljubljana,Slovenia","07/01/2021",13.6,23.0,18.0,12.7,72.88,,10.8,32.3,138.0,,6.31,12.5,0.0,40.2,32.1,1015.1,"Mist, Thunderstorm, Rain, Thunderstorm Without Precipitation, Rain Showers, Fog, Heavy Rain, Light Rain",46.0506,14.5028,"Ljubljana, Slovenija","Ljubljana, Slovenija","","Rain, Partially cloudy"
"Ljubljana,Slovenia","07/02/2021",14.3,26.3,20.4,12.5,63.13,,7.6,18.4,143.88,,9.3,12.5,,51.1,11.9,1015.9,"Light Rain",46.0506,14.5028,"Ljubljana, Slovenija","Ljubljana, Slovenija","","Rain"
"Ljubljana,Slovenia","07/03/2021",16.8,29.9,23.6,13.0,54.33,28.8,12.6,26.6,238.96,,0.44,4.17,,45.2,29.8,1012.2,"Drizzle, Light Drizzle, Rain, Rain Showers, Heavy Rain, Light Rain, Sky Coverage Increasing",46.0506,14.5028,"Ljubljana, Slovenija","Ljubljana, Slovenija","","Rain, Partially cloudy"
"Ljubljana,Slovenia","07/04/2021",16.8,25.2,20.6,15.7,75.85,,11.1,23.4,129.96,,52.04,12.5,5.0,35.7,38.2,1009.9,"Drizzle, Light Drizzle, Rain, Light Drizzle/Rain, Rain Showers, Heavy Rain, Light Rain, Sky Unchanged",46.0506,14.5028,"Ljubljana, Slovenija","Ljubljana, Slovenija","","Rain, Partially cloudy"
"Ljubljana,Slovenia","07/05/2021",16.1,25.0,21.2,15.2,69.91,,9.0,22.3,179.46,,0.0,0.0,,39.6,17.0,1013.6,"Fog, Sky Coverage Increasing, Sky Unchanged",46.0506,14.5028,"Ljubljana, Slovenija","Ljubljana, Slovenija","","Clear"
"Ljubljana,Slovenia","07/06/2021",16.3,32.0,25.3,15.7,57.38,32.0,11.5,21.5,171.96,,0.0,0.0,,48.3,3.5,1012.4,"Sky Coverage Increasing",46.0506,14.5028,"Ljubljana, Slovenija","Ljubljana, Slovenija","","Clear"
"Ljubljana,Slovenia","07/07/2021",20.2,33.7,27.0,16.5,55.46,33.6,13.7,29.9,219.83,,0.0,0.0,,50.3,8.1,1015.4,"",46.0506,14.5028,"Ljubljana, Slovenija","Ljubljana, Slovenija","","Clear"
"Ljubljana,Slovenia","07/08/2021",23.0,33.0,27.8,16.9,52.64,34.0,18.0,32.4,183.38,,0.5,4.17,,45.4,27.5,1014.2,"Rain, Rain Showers, Sky Coverage Increasing",46.0506,14.5028,"Ljubljana, Slovenija","Ljubljana, Slovenija","","Rain, Partially cloudy"
"Ljubljana,Slovenia","07/09/2021",19.0,29.5,24.6,12.4,48.86,28.5,15.4,29.5,175.92,,0.0,0.0,,50.3,16.9,1016.4,"Sky Coverage Decreasing, Sky Coverage Increasing, Sky Unchanged",46.0506,14.5028,"Ljubljana, Slovenija","Ljubljana, Slovenija","","Clear"
"Ljubljana,Slovenia","07/10/2021",19.0,28.4,23.9,13.2,52.76,27.7,11.9,27.3,172.92,,0.0,0.0,,48.7,20.5,1014.0,"Sky Coverage Decreasing",46.0506,14.5028,"Ljubljana, Slovenija","Ljubljana, Slovenija","","Clear"
"Ljubljana,Slovenia","07/11/2021",18.8,29.5,22.6,16.9,73.88,29.1,17.7,35.9,134.71,,24.65,8.33,,24.5,39.9,1013.7,"Drizzle, Mist, Light Drizzle, Rain, Light Drizzle/Rain, Rain Showers, Heavy Rain, Light Rain",46.0506,14.5028,"Ljubljana, Slovenija","Ljubljana, Slovenija","","Rain, Partially cloudy"
"Ljubljana,Slovenia","07/12/2021",19.0,30.2,24.6,15.9,60.19,29.9,18.0,28.8,194.17,,0.0,0.0,,33.2,11.8,1011.0,"Sky Coverage Decreasing, Sky Coverage Increasing",46.0506,14.5028,"Ljubljana, Slovenija","Ljubljana, Slovenija","","Clear"
"Ljubljana,Slovenia","07/13/2021",18.0,30.4,23.5,17.0,70.4,30.1,12.6,24.8,170.54,,18.81,8.33,,26.4,39.3,1008.9,"Drizzle, Mist, Light Drizzle, Rain, Rain Showers, Hail, Heavy Rain, Light Rain, Sky Coverage Increasing, Sky Unchanged",46.0506,14.5028,"Ljubljana, Slovenija","Ljubljana, Slovenija","","Rain, Partially cloudy"
"Ljubljana,Slovenia","07/14/2021",15.5,26.9,21.2,12.0,57.41,26.6,15.1,34.2,201.83,,0.8,4.17,,47.4,20.3,1012.1,"Light Drizzle, Sky Coverage Increasing",46.0506,14.5028,"Ljubljana, Slovenija","Ljubljana, Slovenija","","Rain"
"Ljubljana,Slovenia","07/15/2021",16.1,27.0,20.9,12.7,61.4,26.9,11.5,25.2,160.88,,7.0,4.17,,49.0,41.4,1013.1,"Light Drizzle, Rain, Rain Showers",46.0506,14.5028,"Ljubljana, Slovenija","Ljubljana, Slovenija","","Rain, Partially cloudy"
"Ljubljana,Slovenia","07/16/2021",17.7,24.4,19.9,16.6,82.49,,10.8,18.0,189.29,,8.51,12.5,,38.2,52.3,1012.7,"Light Drizzle, Rain, Rain Showers, Heavy Rain, Light Rain",46.0506,14.5028,"Ljubljana, Slovenija","Ljubljana, Slovenija","","Rain, Partially cloudy"
"Ljubljana,Slovenia","07/17/2021",18.2,24.1,20.8,17.0,79.49,,10.5,24.2,181.75,,7.78,12.5,,40.4,44.1,1011.5,"Light Drizzle, Rain, Light Drizzle/Rain, Rain Showers, Light Rain",46.0506,14.5028,"Ljubljana, Slovenija","Ljubljana, Slovenija","","Rain, Partially cloudy"
"Ljubljana,Slovenia","07/18/2021",17.9,26.0,19.9,17.4,86.34,,14.4,34.9,156.29,,22.85,12.5,,23.3,44.1,1012.6,"Mist, Thunderstorm, Rain, Light Drizzle/Rain, Rain Showers, Heavy Rain, Light Rain",46.0506,14.5028,"Ljubljana, Slovenija","Ljubljana, Slovenija","","Rain, Partially cloudy"
"Ljubljana,Slovenia","07/19/2021",16.2,29.0,22.8,14.8,63.64,28.3,14.4,32.3,124.71,,0.0,0.0,,41.0,10.1,1013.4,"Sky Unchanged",46.0506,14.5028,"Ljubljana, Slovenija","Ljubljana, Slovenija","","Clear"
"Ljubljana,Slovenia","07/20/2021",15.4,27.5,22.7,14.5,61.55,27.9,13.1,25.1,124.88,,8.5,12.5,,35.0,24.3,1017.0,"Precipitation In Vicinity, Thunderstorm, Fog, Light Rain, Sky Unchanged",46.0506,14.5028,"Ljubljana, Slovenija","Ljubljana, Slovenija","","Rain"
"Ljubljana,Slovenia","07/21/2021",17.6,27.0,22.5,13.8,59.56,27.0,10.6,21.6,128.17,,0.0,0.0,,35.5,14.1,1020.1,"Fog, Sky Coverage Increasing, Sky Unchanged",46.0506,14.5028,"Ljubljana, Slovenija","Ljubljana, Slovenija","","Clear"
"Ljubljana,Slovenia","07/22/2021",19.1,27.0,23.0,14.7,61.02,27.1,8.5,18.0,75.21,,0.0,0.0,,32.2,30.8,1017.6,"Sky Coverage Decreasing, Sky Coverage Increasing, Sky Unchanged",46.0506,14.5028,"Ljubljana, Slovenija","Ljubljana, Slovenija","","Partially cloudy"
"Ljubljana,Slovenia","07/23/2021",16.1,28.4,22.5,15.1,65.44,28.2,14.7,29.8,178.88,,4.84,8.33,,26.0,23.0,1014.9,"Mist, Light Drizzle, Rain, Light Drizzle/Rain, Fog, Light Rain, Sky Unchanged",46.0506,14.5028,"Ljubljana, Slovenija","Ljubljana, Slovenija","","Rain"
"Ljubljana,Slovenia","07/24/2021",19.2,30.0,25.1,16.9,62.03,30.4,12.6,28.4,212.42,,0.0,0.0,,30.2,16.7,1011.4,"Mist",46.0506,14.5028,"Ljubljana, Slovenija","Ljubljana, Slovenija","","Clear"
"Ljubljana,Slovenia","07/25/2021",18.6,30.5,25.1,15.8,58.04,31.2,17.6,37.4,236.5,,0.0,0.0,,29.7,20.3,1011.2,"",46.0506,14.5028,"Ljubljana, Slovenija","Ljubljana, Slovenija","","Clear"
"Ljubljana,Slovenia","07/26/2021",19.5,30.5,24.6,16.5,62.31,30.6,22.6,45.9,203.71,,0.91,8.33,0.0,27.2,49.8,1014.4,"Mist, Light Drizzle, Rain, Rain Showers, Light Rain",46.0506,14.5028,"Ljubljana, Slovenija","Ljubljana, Slovenija","","Rain, Partially cloudy"
"Ljubljana,Slovenia","07/27/2021",17.0,27.4,22.2,17.5,75.24,28.4,8.6,26.6,216.75,,11.09,12.5,,27.9,36.9,1015.7,"Drizzle, Light Drizzle, Thunderstorm, Rain, Rain Showers, Fog, Sky Coverage Decreasing",46.0506,14.5028,"Ljubljana, Slovenija","Ljubljana, Slovenija","","Rain, Partially cloudy"
"Ljubljana,Slovenia","07/28/2021",15.8,31.0,23.6,16.7,68.55,31.6,11.5,29.8,214.13,,5.1,4.17,,26.6,31.4,1013.8,"Rain, Thunderstorm, Rain Showers, Fog, Light Rain",46.0506,14.5028,"Ljubljana, Slovenija","Ljubljana, Slovenija","","Rain, Partially cloudy"
"Ljubljana,Slovenia","07/29/2021",18.3,30.0,24.9,17.6,65.61,30.7,7.2,18.0,155.17,,0.0,0.0,,34.4,9.7,1012.2,"Mist",46.0506,14.5028,"Ljubljana, Slovenija","Ljubljana, Slovenija","","Clear"
"Ljubljana,Slovenia","07/30/2021",19.6,31.5,25.3,17.0,62.72,32.0,25.1,57.4,178.0,,9.21,8.33,,29.1,25.4,1009.6,"Rain, Thunderstorm Without Precipitation, Rain Showers, Hail, Heavy Rain, Light Rain",46.0506,14.5028,"Ljubljana, Slovenija","Ljubljana, Slovenija","","Rain, Partially cloudy"
"Ljubljana,Slovenia","07/31/2021",20.5,29.9,23.8,18.1,71.76,30.3,12.2,25.1,195.42,,23.6,12.5,0.0,29.5,24.8,1007.5,"Precipitation In Vicinity, Rain, Thunderstorm, Rain Showers, Heavy Rain, Light Rain",46.0506,14.5028,"Ljubljana, Slovenija","Ljubljana, Slovenija","","Rain"
"Ljubljana,Slovenia","08/01/2021",16.6,23.8,19.3,16.7,85.02,,13.7,46.7,202.08,,16.45,12.5,,27.1,39.3,1009.2,"Mist, Light Drizzle, Rain, Thunderstorm Without Precipitation, Rain Showers, Heavy Rain, Light Rain",46.0506,14.5028,"Ljubljana, Slovenija","Ljubljana, Slovenija","","Rain, Partially cloudy"
"Ljubljana,Slovenia","08/02/2021",15.6,22.9,19.4,14.3,73.7,,9.0,17.3,175.13,,0.52,12.5,,35.7,44.4,1015.5,"Mist, Light Drizzle, Rain, Rain Showers, Fog, Heavy Rain, Light Rain",46.0506,14.5028,"Ljubljana, Slovenija","Ljubljana, Slovenija","","Rain, Partially cloudy"
"Ljubljana,Slovenia","08/03/2021",16.6,24.6,20.4,15.6,75.33,,12.6,23.4,183.21,,0.72,12.5,,32.1,46.1,1013.8,"Drizzle, Rain, Rain Showers, Light Rain, Sky Unchanged",46.0506,14.5028,"Ljubljana, Slovenija","Ljubljana, Slovenija","","Rain, Partially cloudy"
"Ljubljana,Slovenia","08/04/2021",16.6,24.4,20.4,16.8,80.86,,10.6,24.0,228.33,,6.52,12.5,,22.9,59.5,1009.5,"Mist, Light Drizzle, Rain, Thunderstorm, Rain Showers, Fog, Heavy Rain, Light Rain, Sky Coverage Increasing",46.0506,14.5028,"Ljubljana, Slovenija","Ljubljana, Slovenija","","Rain, Partially cloudy"
"Ljubljana,Slovenia","08/05/2021",14.1,24.2,18.6,14.2,77.18,,8.6,21.6,157.04,,25.49,12.5,,26.5,46.9,1007.6,"Mist, Light Drizzle, Rain, Rain Showers, Fog, Heavy Rain, Light Rain, Sky Coverage Decreasing",46.0506,14.5028,"Ljubljana, Slovenija","Ljubljana, Slovenija","","Rain, Partially cloudy"
"Ljubljana,Slovenia","08/06/2021",13.6,27.5,21.4,15.1,69.43,27.8,12.2,25.2,221.04,,0.9,4.17,,39.2,15.8,1009.1,"Fog",46.0506,14.5028,"Ljubljana, Slovenija","Ljubljana, Slovenija","","Rain"
"Ljubljana,Slovenia","08/07/2021",18.9,29.0,23.9,16.5,64.75,29.2,15.4,32.4,169.79,,0.0,0.0,,42.1,14.5,1009.3,"Rain, Light Rain",46.0506,14.5028,"Ljubljana, Slovenija","Ljubljana, Slovenija","","Clear"
"Ljubljana,Slovenia","08/08/2021",17.3,30.0,22.9,16.6,69.47,30.4,16.2,30.5,187.13,,0.61,12.5,,30.7,37.2,1015.1,"Lightning Without Thunder, Mist, Light Drizzle, Rain, Rain Showers, Hail, Fog",46.0506,14.5028,"Ljubljana, Slovenija","Ljubljana, Slovenija","","Rain, Partially cloudy"
"Ljubljana,Slovenia","08/09/2021",17.3,27.5,22.4,15.6,67.03,27.7,10.8,21.2,118.83,,0.0,0.0,,38.6,9.7,1019.1,"Mist, Fog",46.0506,14.5028,"Ljubljana, Slovenija","Ljubljana, Slovenija","","Clear"
"Ljubljana,Slovenia","08/10/2021",15.1,30.0,23.3,17.1,71.21,30.3,9.0,18.3,218.33,,0.0,0.0,,27.7,12.5,1017.1,"Mist, Fog",46.0506,14.5028,"Ljubljana, Slovenija","Ljubljana, Slovenija","","Clear"
"Ljubljana,Slovenia","08/11/2021",18.2,28.6,23.0,17.4,72.41,29.5,17.8,25.2,108.83,,5.95,4.17,,28.9,8.7,1019.5,"Lightning Without Thunder, Mist, Thunderstorm, Heavy Drizzle/Rain, Rain Showers, Fog, Light Rain",46.0506,14.5028,"Ljubljana, Slovenija","Ljubljana, Slovenija","","Rain"
"Ljubljana,Slovenia","08/12/2021",19.4,31.8,25.5,17.4,63.31,32.1,7.2,15.8,150.42,,0.0,0.0,,39.9,8.9,1020.1,"",46.0506,14.5028,"Ljubljana, Slovenija","Ljubljana, Slovenija","","Clear"
"Ljubljana,Slovenia","08/13/2021",21.2,33.9,26.7,17.6,59.89,34.2,10.4,19.4,161.63,,0.2,4.17,,39.1,20.2,1020.7,"",46.0506,14.5028,"Ljubljana, Slovenija","Ljubljana, Slovenija","","Rain"
"Ljubljana,Slovenia","08/14/2021",19.2,35.4,26.7,16.3,56.75,35.4,7.2,20.1,213.04,,0.0,0.0,,36.4,1.2,1017.2,"",46.0506,14.5028,"Ljubljana, Slovenija","Ljubljana, Slovenija","","Clear"
"Ljubljana,Slovenia","08/15/2021",20.5,34.5,26.8,17.9,60.4,34.9,14.4,28.8,198.0,,0.3,4.17,,36.5,18.1,1012.4,"Rain, Light Drizzle/Rain",46.0506,14.5028,"Ljubljana, Slovenija","Ljubljana, Slovenija","","Rain"
"Ljubljana,Slovenia","08/16/2021",17.0,32.8,24.0,15.3,61.92,33.0,15.5,46.0,188.54,,11.54,4.17,,37.8,36.9,1009.8,"Lightning Without Thunder, Light Drizzle, Heavy Drizzle/Rain, Rain, Rain Showers, Heavy Rain, Light Rain, Sky Coverage Increasing",46.0506,14.5028,"Ljubljana, Slovenija","Ljubljana, Slovenija","","Rain, Partially cloudy"
"Ljubljana,Slovenia","08/17/2021",15.1,22.5,18.5,12.4,69.06,,14.4,32.4,127.0,,0.6,4.17,,43.4,39.2,1017.0,"Fog",46.0506,14.5028,"Ljubljana, Slovenija","Ljubljana, Slovenija","","Rain, Partially cloudy"
"Ljubljana,Slovenia","08/18/2021",13.2,24.9,19.2,10.3,59.21,,10.8,22.0,151.75,,0.0,0.0,,49.3,6.1,1016.8,"",46.0506,14.5028,"Ljubljana, Slovenija","Ljubljana, Slovenija","","Clear"
"Ljubljana,Slovenia","08/19/2021",14.6,27.0,20.8,10.9,56.05,26.5,5.6,25.2,153.25,,0.0,0.0,,44.9,13.6,1015.9,"",46.0506,14.5028,"Ljubljana, Slovenija","Ljubljana, Slovenija","","Clear"
"Ljubljana,Slovenia","08/20/2021",14.7,28.4,21.7,11.7,56.57,27.5,7.2,18.4,176.33,,0.0,0.0,,46.7,4.9,1017.5,"",46.0506,14.5028,"Ljubljana, Slovenija","Ljubljana, Slovenija","","Clear"
"Ljubljana,Slovenia","08/21/2021",16.1,30.2,22.9,13.4,58.66,29.1,9.0,16.6,167.04,,0.0,0.0,,43.8,11.7,1017.9,"Mist",46.0506,14.5028,"Ljubljana, Slovenija","Ljubljana, Slovenija","","Clear"
"Ljubljana,Slovenia","08/22/2021",15.5,30.5,22.8,15.1,64.97,30.4,26.9,50.9,216.13,,4.36,4.17,,23.0,36.8,1015.5,"Light Drizzle, Rain, Thunderstorm, Heavy Drizzle/Rain, Thunderstorm Without Precipitation, Light Drizzle/Rain, Rain Showers, Heavy Rain, Light Rain, Sky Coverage Increasing",46.0506,14.5028,"Ljubljana, Slovenija","Ljubljana, Slovenija","","Rain, Partially cloudy"
"Ljubljana,Slovenia","08/23/2021",13.9,19.3,15.8,13.5,86.71,,7.2,14.5,165.67,,31.61,8.33,,26.8,40.4,1018.6,"Drizzle, Mist, Light Drizzle, Thunderstorm, Rain, Light Drizzle/Rain, Fog, Heavy Rain, Light Rain, Sky Coverage Decreasing",46.0506,14.5028,"Ljubljana, Slovenija","Ljubljana, Slovenija","","Rain, Partially cloudy"
"Ljubljana,Slovenia","08/24/2021",14.4,24.9,19.5,11.6,61.32,,13.4,24.1,117.71,,2.6,8.33,,45.7,30.4,1018.0,"Rain, Heavy Rain, Light Rain, Sky Coverage Decreasing",46.0506,14.5028,"Ljubljana, Slovenija","Ljubljana, Slovenija","","Rain, Partially cloudy"
"Ljubljana,Slovenia","08/25/2021",10.6,22.5,16.1,9.2,67.11,,12.3,25.2,94.46,,0.0,0.0,,35.2,9.3,1015.3,"Fog",46.0506,14.5028,"Ljubljana, Slovenija","Ljubljana, Slovenija","","Clear"
"Ljubljana,Slovenia","08/26/2021",13.4,23.9,17.8,12.0,71.86,,15.3,29.9,130.21,,10.77,4.17,0.0,32.3,35.3,1010.4,"Drizzle, Light Drizzle, Rain, Light Drizzle/Rain, Rain Showers, Fog, Heavy Rain, Light Rain, Sky Coverage Decreasing",46.0506,14.5028,"Ljubljana, Slovenija","Ljubljana, Slovenija","","Rain, Partially cloudy"
"Ljubljana,Slovenia","08/27/2021",11.2,21.5,16.0,11.3,75.31,,10.1,21.6,207.08,,4.65,12.5,,34.7,29.5,1014.2,"Mist, Light Drizzle, Rain, Rain Showers, Fog, Heavy Rain, Light Rain",46.0506,14.5028,"Ljubljana, Slovenija","Ljubljana, Slovenija","","Rain, Partially cloudy"
"Ljubljana,Slovenia","08/28/2021",12.5,20.9,15.3,10.7,75.58,,10.8,21.6,198.33,,5.63,12.5,0.0,35.2,33.2,1014.2,"Light Drizzle, Rain, Rain Showers, Fog, Light Rain, Sky Coverage Decreasing",46.0506,14.5028,"Ljubljana, Slovenija","Ljubljana, Slovenija","","Rain, Partially cloudy"
"Ljubljana,Slovenia","08/29/2021",10.0,19.9,13.9,9.5,76.8,,13.3,36.2,177.08,,2.57,12.5,0.0,33.4,30.7,1014.1,"Mist, Thunderstorm Without Precipitation, Rain Showers, Fog, Light Rain",46.0506,14.5028,"Ljubljana, Slovenija","Ljubljana, Slovenija","","Rain, Partially cloudy"
"Ljubljana,Slovenia","08/30/2021",11.0,20.9,15.8,11.0,74.3,,12.2,22.7,229.13,,0.16,4.17,,28.5,36.3,1015.4,"Rain, Light Drizzle/Rain, Rain Showers, Fog, Light Rain, Sky Coverage Decreasing",46.0506,14.5028,"Ljubljana, Slovenija","Ljubljana, Slovenija","","Rain, Partially cloudy"
"Ljubljana,Slovenia","08/31/2021",12.6,24.9,17.8,12.5,73.57,,8.6,16.9,211.38,,1.76,8.33,,29.7,31.6,1018.9,"Mist, Light Drizzle, Rain, Rain Showers, Fog, Light Rain, Sky Coverage Decreasing",46.0506,14.5028,"Ljubljana, Slovenija","Ljubljana, Slovenija","","Rain, Partially cloudy"
"Ljubljana,Slovenia","09/01/2021",10.8,24.9,17.4,8.6,60.23,,9.3,24.1,123.75,,0.0,0.0,,49.7,6.0,1023.8,"",46.0506,14.5028,"Ljubljana, Slovenija","Ljubljana, Slovenija","","Clear"
"Ljubljana,Slovenia","09/02/2021",12.1,24.4,18.3,9.9,60.94,,10.8,18.0,129.75,,0.0,0.0,,46.0,4.2,1023.5,"Fog",46.0506,14.5028,"Ljubljana, Slovenija","Ljubljana, Slovenija","","Clear"
"Ljubljana,Slovenia","09/03/2021",11.6,24.5,17.9,10.5,65.26,,7.9,18.0,73.92,,0.0,0.0,,39.8,4.8,1018.5,"",46.0506,14.5028,"Ljubljana, Slovenija","Ljubljana, Slovenija","","Clear"
"Ljubljana,Slovenia","09/04/2021",12.1,25.0,18.6,10.7,62.64,,7.2,18.4,111.71,,0.1,4.17,,40.7,6.3,1018.0,"",46.0506,14.5028,"Ljubljana, Slovenija","Ljubljana, Slovenija","","Rain"
"Ljubljana,Slovenia","09/05/2021",11.3,26.0,18.5,9.1,57.73,,13.7,25.6,135.92,,0.0,0.0,,43.8,6.6,1021.9,"",46.0506,14.5028,"Ljubljana, Slovenija","Ljubljana, Slovenija","","Clear"
"Ljubljana,Slovenia","09/06/2021",11.2,26.4,18.5,9.1,57.74,,10.8,22.7,153.13,,0.0,0.0,,42.7,7.3,1024.2,"",46.0506,14.5028,"Ljubljana, Slovenija","Ljubljana, Slovenija","","Clear"
"Ljubljana,Slovenia","09/07/2021",13.1,24.9,18.7,9.9,59.21,,10.8,22.3,137.83,,0.1,4.17,,37.2,16.5,1023.1,"Mist",46.0506,14.5028,"Ljubljana, Slovenija","Ljubljana, Slovenija","","Rain"
"Ljubljana,Slovenia","09/08/2021",10.7,24.9,17.8,7.8,54.62,,15.1,28.4,137.46,,0.0,0.0,,43.0,4.1,1020.5,"",46.0506,14.5028,"Ljubljana, Slovenija","Ljubljana, Slovenija","","Clear"
"Ljubljana,Slovenia","09/09/2021",10.7,25.5,17.9,9.3,60.86,,7.2,14.8,172.79,,0.0,0.0,,38.2,5.2,1018.0,"",46.0506,14.5028,"Ljubljana, Slovenija","Ljubljana, Slovenija","","Clear"
"Ljubljana,Slovenia","09/10/2021",11.2,27.2,18.8,9.9,60.5,26.5,7.2,14.4,120.19,,0.0,0.0,,39.1,0.8,1017.3,"",46.0506,14.5028,"Ljubljana, Slovenija","Ljubljana, Slovenija","","Clear"
"Ljubljana,Slovenia","09/11/2021",13.3,28.0,20.3,11.0,58.54,27.2,9.0,16.6,147.63,,0.1,4.17,,34.4,4.4,1017.0,"",46.0506,14.5028,"Ljubljana, Slovenija","Ljubljana, Slovenija","","Rain"
"Ljubljana,Slovenia","09/12/2021",13.7,27.9,20.2,10.8,57.67,27.1,9.4,18.0,151.38,,0.0,0.0,,37.1,6.1,1016.6,"Sky Coverage Increasing",46.0506,14.5028,"Ljubljana, Slovenija","Ljubljana, Slovenija","","Clear"
"Ljubljana,Slovenia","09/13/2021",13.6,28.9,20.7,11.3,58.96,27.8,7.2,14.4,182.55,,0.0,0.0,,38.5,17.4,1017.0,"Sky Coverage Decreasing, Sky Coverage Increasing",46.0506,14.5028,"Ljubljana, Slovenija","Ljubljana, Slovenija","","Clear"
"Ljubljana,Slovenia","09/14/2021",13.6,29.9,21.1,11.5,58.03,28.7,18.0,28.8,139.17,,0.0,0.0,,34.4,8.8,1016.8,"Mist, Sky Coverage Increasing, Sky Unchanged",46.0506,14.5028,"Ljubljana, Slovenija","Ljubljana, Slovenija","","Clear"
"Ljubljana,Slovenia","09/15/2021",18.0,29.0,22.9,13.5,57.72,27.9,16.2,34.2,239.33,,0.0,0.0,,26.4,39.3,1015.0,"Mist, Sky Unchanged",46.0506,14.5028,"Ljubljana, Slovenija","Ljubljana, Slovenija","","Partially cloudy"
"Ljubljana,Slovenia","09/16/2021",17.1,25.5,19.8,16.4,81.89,,14.2,28.7,260.25,,16.16,12.5,1.0,13.7,63.1,1013.4,"Drizzle, Light Drizzle, Rain, Heavy Drizzle/Rain, Thunderstorm, Light Drizzle/Rain, Rain Showers, Heavy Rain, Light Rain",46.0506,14.5028,"Ljubljana, Slovenija","Ljubljana, Slovenija","","Rain, Partially cloudy"
"Ljubljana,Slovenia","09/17/2021",13.6,19.0,15.8,13.9,88.67,,9.7,19.5,104.17,,19.98,12.5,,31.1,49.4,1014.5,"Drizzle, Mist, Light Drizzle, Rain, Heavy Drizzle/Rain, Light Drizzle/Rain, Rain Showers, Fog, Heavy Rain, Light Rain, Sky Coverage Increasing",46.0506,14.5028,"Ljubljana, Slovenija","Ljubljana, Slovenija","","Rain, Partially cloudy"
"Ljubljana,Slovenia","09/18/2021",11.7,21.9,16.0,10.8,73.66,,7.9,18.0,100.88,,0.0,0.0,,40.5,29.7,1014.6,"Mist, Fog",46.0506,14.5028,"Ljubljana, Slovenija","Ljubljana, Slovenija","","Partially cloudy"
"Ljubljana,Slovenia","09/19/2021",11.1,20.0,15.3,12.4,83.74,,14.4,21.6,151.71,,18.98,12.5,,25.2,43.7,1012.8,"Drizzle, Mist, Light Drizzle, Heavy Drizzle/Rain, Rain, Light Drizzle/Rain, Fog, Rain Showers, Heavy Rain, Light Rain",46.0506,14.5028,"Ljubljana, Slovenija","Ljubljana, Slovenija","","Rain, Partially cloudy"
"Ljubljana,Slovenia","09/20/2021",9.6,15.2,11.9,9.2,83.57,,9.4,18.0,148.67,8.7,0.78,4.17,,21.3,58.1,1022.4,"Mist, Light Drizzle, Light Drizzle/Rain, Fog, Sky Coverage Decreasing",46.0506,14.5028,"Ljubljana, Slovenija","Ljubljana, Slovenija","","Rain, Partially cloudy"
"Ljubljana,Slovenia","09/21/2021",8.6,17.9,12.8,7.4,71.94,,14.4,18.0,128.71,7.7,0.0,0.0,,33.8,46.0,1026.2,"Fog",46.0506,14.5028,"Ljubljana, Slovenija","Ljubljana, Slovenija","","Partially cloudy"
"Ljubljana,Slovenia","09/22/2021",7.0,20.0,12.7,7.1,71.89,,7.2,17.6,156.25,8.5,0.0,0.0,,30.6,33.5,1024.8,"Mist, Fog, Sky Coverage Decreasing",46.0506,14.5028,"Ljubljana, Slovenija","Ljubljana, Slovenija","","Partially cloudy"
"Ljubljana,Slovenia","09/23/2021",8.7,20.9,14.7,8.8,70.41,,13.3,27.6,158.83,,0.0,0.0,,38.8,5.0,1019.6,"Mist, Fog",46.0506,14.5028,"Ljubljana, Slovenija","Ljubljana, Slovenija","","Clear"
"Ljubljana,Slovenia","09/24/2021",8.3,22.5,15.5,10.2,73.21,,18.0,39.5,208.13,,0.0,0.0,,25.6,5.2,1019.6,"Mist, Fog",46.0506,14.5028,"Ljubljana, Slovenija","Ljubljana, Slovenija","","Clear"
"Ljubljana,Slovenia","09/25/2021",11.6,23.0,17.0,11.4,71.35,,15.5,32.3,164.29,,0.0,0.0,0.0,24.0,13.0,1020.7,"Mist, Fog",46.0506,14.5028,"Ljubljana, Slovenija","Ljubljana, Slovenija","","Clear"
"Ljubljana,Slovenia","09/26/2021",16.6,23.5,19.6,14.8,74.78,,15.5,35.2,252.25,,2.71,8.33,0.0,21.6,43.4,1017.5,"Drizzle, Mist, Light Drizzle, Rain, Rain Showers, Fog, Light Rain",46.0506,14.5028,"Ljubljana, Slovenija","Ljubljana, Slovenija","","Rain, Partially cloudy"
"Ljubljana,Slovenia","09/27/2021",12.3,22.4,17.1,14.3,84.58,,7.2,18.0,114.0,,0.7,8.33,,12.8,34.6,1018.9,"Mist, Fog, Sky Coverage Decreasing, Sky Coverage Increasing",46.0506,14.5028,"Ljubljana, Slovenija","Ljubljana, Slovenija","","Rain, Partially cloudy"
"Ljubljana,Slovenia","09/28/2021",13.6,25.9,18.0,13.2,75.41,,4.7,11.5,170.04,,0.0,0.0,,28.4,27.9,1019.5,"Mist, Light Drizzle, Rain Showers",46.0506,14.5028,"Ljubljana, Slovenija","Ljubljana, Slovenija","","Partially cloudy"
"Ljubljana,Slovenia","09/29/2021",13.9,25.0,17.6,13.7,80.08,,23.7,42.7,129.79,,121.58,8.33,,23.3,54.1,1021.4,"Mist, Light Drizzle, Thunderstorm, Rain, Thunderstorm Without Precipitation, Light Drizzle/Rain, Rain Showers, Heavy Rain, Light Rain",46.0506,14.5028,"Ljubljana, Slovenija","Ljubljana, Slovenija","","Rain, Partially cloudy"
"Ljubljana,Slovenia","09/30/2021",8.4,18.0,12.3,8.8,80.47,,10.8,18.1,213.13,6.6,0.2,4.17,,29.9,23.6,1027.8,"Mist, Fog",46.0506,14.5028,"Ljubljana, Slovenija","Ljubljana, Slovenija","","Rain"
"Ljubljana,Slovenia","10/01/2021",10.3,18.0,14.2,9.6,74.91,,11.1,20.9,168.21,,0.0,0.0,,27.9,39.8,1022.9,"",46.0506,14.5028,"Ljubljana, Slovenija","Ljubljana, Slovenija","","Partially cloudy"
"Ljubljana,Slovenia","10/02/2021",9.7,19.0,13.6,9.3,77.29,,10.8,12.3,177.39,,0.0,0.0,,21.1,22.3,1019.8,"Mist, Light Rain",46.0506,14.5028,"Ljubljana, Slovenija","Ljubljana, Slovenija","","Clear"
"Ljubljana,Slovenia","10/03/2021",14.6,18.3,16.7,14.2,85.48,,10.8,27.3,203.54,,5.34,12.5,,22.0,34.6,1018.5,"Drizzle, Mist, Heavy Drizzle, Light Drizzle, Heavy Drizzle/Rain, Rain, Light Drizzle/Rain, Rain Showers, Fog, Heavy Rain, Light Rain",46.0506,14.5028,"Ljubljana, Slovenija","Ljubljana, Slovenija","","Rain, Partially cloudy"
"Ljubljana,Slovenia","10/04/2021",11.0,23.0,16.6,13.4,83.08,,16.4,27.7,149.35,,7.17,12.5,,15.1,34.0,1017.7,"Drizzle, Mist, Light Drizzle, Rain, Light Drizzle/Rain, Rain Showers, Fog, Heavy Rain, Light Rain, Sky Coverage Decreasing, Sky Coverage Increasing",46.0506,14.5028,"Ljubljana, Slovenija","Ljubljana, Slovenija","","Rain, Partially cloudy"
"Ljubljana,Slovenia","10/05/2021",13.6,21.4,16.4,13.6,84.82,,12.2,25.2,158.38,,12.22,12.5,,16.9,40.5,1014.7,"Drizzle, Mist, Light Drizzle, Rain, Heavy Drizzle/Rain, Light Drizzle/Rain, Rain Showers, Fog, Heavy Rain, Light Rain, Sky Coverage Increasing",46.0506,14.5028,"Ljubljana, Slovenija","Ljubljana, Slovenija","","Rain, Partially cloudy"
"Ljubljana,Slovenia","10/06/2021",9.4,15.4,10.9,9.0,88.4,,25.2,50.8,203.83,8.1,33.93,12.5,,22.7,64.7,1017.5,"Drizzle, Light Drizzle, Rain, Heavy Drizzle/Rain, Light Drizzle/Rain, Heavy Rain, Light Rain",46.0506,14.5028,"Ljubljana, Slovenija","Ljubljana, Slovenija","","Rain, Partially cloudy"
"Ljubljana,Slovenia","10/07/2021",10.6,13.5,12.0,8.1,77.71,,25.2,47.1,89.38,,4.28,12.5,,29.5,62.6,1021.4,"Drizzle, Light Drizzle, Rain, Heavy Drizzle/Rain, Light Drizzle/Rain, Rain Showers, Heavy Rain, Light Rain, Sky Coverage Increasing",46.0506,14.5028,"Ljubljana, Slovenija","Ljubljana, Slovenija","","Rain, Partially cloudy"
"Ljubljana,Slovenia","10/08/2021",8.2,13.2,11.4,5.8,68.92,,17.9,33.8,94.92,5.9,2.45,4.17,,32.6,35.6,1025.4,"Light Drizzle, Heavy Drizzle/Rain, Rain, Light Drizzle/Rain, Sky Coverage Increasing",46.0506,14.5028,"Ljubljana, Slovenija","Ljubljana, Slovenija","","Rain, Partially cloudy"
"Ljubljana,Slovenia","10/09/2021",6.1,14.4,9.4,2.6,63.27,,21.6,34.5,130.63,5.2,0.7,4.17,0.0,36.9,24.8,1025.7,"Drizzle, Light Drizzle, Light Drizzle/Rain, Sky Coverage Increasing",46.0506,14.5028,"Ljubljana, Slovenija","Ljubljana, Slovenija","","Rain"
"Ljubljana,Slovenia","10/10/2021",6.5,10.5,8.1,4.1,76.55,,16.9,31.4,167.33,4.5,2.14,12.5,,38.1,47.5,1022.8,"Drizzle, Light Snow, Light Drizzle, Heavy Drizzle/Rain, Rain, Light Drizzle/Rain, Rain Showers, Light Rain, Sky Coverage Increasing",46.0506,14.5028,"Ljubljana, Slovenija","Ljubljana, Slovenija","","Rain, Partially cloudy"
"Ljubljana,Slovenia","10/11/2021",4.6,13.5,7.9,5.0,83.3,,14.4,21.6,197.83,2.7,0.5,4.17,,23.5,30.8,1020.8,"Mist, Fog, Sky Coverage Decreasing, Sky Coverage Increasing",46.0506,14.5028,"Ljubljana, Slovenija","Ljubljana, Slovenija","","Rain, Partially cloudy"
"Ljubljana,Slovenia","10/12/2021",4.8,10.1,7.4,5.6,88.41,,7.2,14.5,218.13,3.8,0.2,8.33,,11.0,65.4,1017.5,"Drizzle, Mist, Light Snow, Rain, Rain Showers, Fog, Light Rain, Sky Coverage Decreasing, Sky Coverage Increasing, Snow",46.0506,14.5028,"Ljubljana, Slovenija","Ljubljana, Slovenija","","Rain, Partially cloudy"
"Ljubljana,Slovenia","10/13/2021",2.7,13.9,6.8,3.2,79.39,,10.1,21.0,116.67,3.8,0.1,4.17,,24.6,47.5,1024.2,"Mist, Precipitation In Vicinity, Rain Showers, Fog, Sky Coverage Decreasing",46.0506,14.5028,"Ljubljana, Slovenija","Ljubljana, Slovenija","","Rain, Partially cloudy"
"Ljubljana,Slovenia","10/14/2021",3.1,13.9,7.6,2.8,73.69,,7.2,14.4,146.13,1.9,0.0,0.0,,35.2,37.0,1024.4,"Mist, Sky Coverage Decreasing, Sky Coverage Increasing, Sky Unchanged",46.0506,14.5028,"Ljubljana, Slovenija","Ljubljana, Slovenija","","Partially cloudy"
"Ljubljana,Slovenia","10/15/2021",2.3,15.0,7.6,3.3,76.61,,14.4,22.7,121.38,1.5,0.0,0.0,,27.5,24.6,1020.1,"Mist, Fog, Sky Coverage Increasing",46.0506,14.5028,"Ljubljana, Slovenija","Ljubljana, Slovenija","","Clear"
"Ljubljana,Slovenia","10/16/2021",5.6,16.4,9.4,6.0,81.27,,10.8,14.5,205.92,3.5,0.0,0.0,,18.8,25.9,1021.8,"Fog",46.0506,14.5028,"Ljubljana, Slovenija","Ljubljana, Slovenija","","Partially cloudy"
"Ljubljana,Slovenia","10/17/2021",4.4,16.4,8.3,5.1,82.57,,7.2,11.9,135.38,3.0,0.0,0.0,,21.7,12.5,1023.8,"Mist, Fog, Sky Coverage Decreasing, Sky Coverage Increasing",46.0506,14.5028,"Ljubljana, Slovenija","Ljubljana, Slovenija","","Clear"
"Ljubljana,Slovenia","10/18/2021",5.6,15.9,9.0,6.0,82.94,,10.8,10.9,146.33,3.7,0.0,0.0,,20.0,35.0,1028.7,"Mist, Fog, Sky Coverage Decreasing, Sky Coverage Increasing",46.0506,14.5028,"Ljubljana, Slovenija","Ljubljana, Slovenija","","Partially cloudy"
"Ljubljana,Slovenia","10/19/2021",6.9,13.6,10.1,7.7,86.14,,7.5,10.1,117.17,,0.0,0.0,,11.2,51.2,1026.9,"Mist, Rain Showers, Fog",46.0506,14.5028,"Ljubljana, Slovenija","Ljubljana, Slovenija","","Partially cloudy"
"Ljubljana,Slovenia","10/20/2021",13.7,16.7,15.0,9.2,68.24,,21.6,46.4,241.5,,0.21,4.17,,22.5,83.5,1018.3,"Drizzle, Mist, Light Drizzle, Heavy Drizzle/Rain, Rain, Light Drizzle/Rain, Rain Showers, Light Rain",46.0506,14.5028,"Ljubljana, Slovenija","Ljubljana, Slovenija","","Rain, Overcast"
"Ljubljana,Slovenia","10/21/2021",12.1,15.0,13.7,11.7,88.05,,11.2,30.6,161.35,,22.4,12.5,,12.8,89.5,1014.0,"Drizzle, Mist, Light Drizzle, Heavy Drizzle/Rain, Rain, Light Drizzle/Rain, Rain Showers, Fog, Heavy Rain, Light Rain",46.0506,14.5028,"Ljubljana, Slovenija","Ljubljana, Slovenija","","Rain, Overcast"
"Ljubljana,Slovenia","10/22/2021",10.3,15.0,12.9,11.2,89.57,,14.4,32.3,112.21,,3.72,12.5,,12.2,89.5,1019.7,"Mist, Light Drizzle, Rain, Light Drizzle/Rain, Rain Showers, Heavy Rain, Light Rain, Sky Coverage Decreasing",46.0506,14.5028,"Ljubljana, Slovenija","Ljubljana, Slovenija","","Rain, Overcast"
"Ljubljana,Slovenia","10/23/2021",3.7,11.9,6.7,4.2,84.98,,11.9,27.7,131.0,2.8,3.4,12.5,,19.3,39.8,1031.1,"Drizzle, Mist, Light Drizzle, Rain, Rain Showers, Fog, Sky Coverage Decreasing, Sky Coverage Increasing",46.0506,14.5028,"Ljubljana, Slovenija","Ljubljana, Slovenija","","Rain, Partially cloudy"
"Ljubljana,Slovenia","10/24/2021",-0.7,13.4,5.7,1.4,77.29,,14.4,25.2,115.29,-2.8,0.0,0.0,,26.7,12.3,1031.3,"Mist, Fog, Sky Coverage Increasing",46.0506,14.5028,"Ljubljana, Slovenija","Ljubljana, Slovenija","","Clear"
"Ljubljana,Slovenia","10/25/2021",2.4,11.5,5.9,2.0,78.05,,18.0,10.9,156.08,1.5,0.9,4.17,,23.1,68.1,1025.8,"Drizzle, Mist, Light Drizzle, Rain, Light Rain",46.0506,14.5028,"Ljubljana, Slovenija","Ljubljana, Slovenija","","Rain, Partially cloudy"
"Ljubljana,Slovenia","10/26/2021",2.3,8.0,4.9,3.1,88.88,,10.8,8.7,252.33,1.0,1.1,8.33,,8.4,45.2,1027.7,"Mist, Rain, Fog, Light Rain, Sky Coverage Decreasing, Sky Coverage Increasing",46.0506,14.5028,"Ljubljana, Slovenija","Ljubljana, Slovenija","","Rain, Partially cloudy"
"Ljubljana,Slovenia","10/27/2021",3.2,13.5,6.6,4.3,86.33,,7.5,8.0,115.38,2.4,0.0,0.0,,11.9,6.2,1028.4,"Mist, Fog",46.0506,14.5028,"Ljubljana, Slovenija","Ljubljana, Slovenija","","Clear"
"Ljubljana,Slovenia","10/28/2021",1.8,13.4,6.3,3.6,84.16,,18.0,13.4,100.0,-1.5,0.0,0.0,,8.4,31.5,1025.3,"Mist, Fog",46.0506,14.5028,"Ljubljana, Slovenija","Ljubljana, Slovenija","","Partially cloudy"
"Ljubljana,Slovenia","10/29/2021",1.6,8.9,4.1,2.4,88.87,,7.5,12.6,168.79,0.5,0.0,0.0,,3.5,21.0,1022.5,"Mist, Fog, Sky Coverage Decreasing, Sky Coverage Increasing",46.0506,14.5028,"Ljubljana, Slovenija","Ljubljana, Slovenija","","Clear"
"Ljubljana,Slovenia","10/30/2021",2.3,7.9,3.9,2.8,92.36,,5.0,10.8,160.78,4.5,0.0,0.0,,1.9,23.3,1020.8,"Mist, Fog, Sky Coverage Increasing",46.0506,14.5028,"Ljubljana, Slovenija","Ljubljana, Slovenija","","Clear"
"Ljubljana,Slovenia","10/31/2021",5.4,16.9,8.7,5.4,80.94,,10.8,21.6,184.0,4.5,0.0,0.0,,14.5,58.5,1014.3,"Mist, Light Drizzle, Heavy Drizzle/Rain, Fog",46.0506,14.5028,"Ljubljana, Slovenija","Ljubljana, Slovenija","","Partially cloudy"
"Ljubljana,Slovenia","11/01/2021",8.6,10.1,9.5,8.4,93.12,,18.0,20.2,123.0,6.7,29.4,12.5,,5.5,96.0,1003.2,"Drizzle, Heavy Drizzle, Light Snow, Light Drizzle, Heavy Drizzle/Rain, Light Drizzle/Rain, Rain, Heavy Rain And Snow, Rain Showers, Heavy Rain, Light Rain, Snow",46.0506,14.5028,"Ljubljana, Slovenija","Ljubljana, Slovenija","","Rain, Overcast"
"Ljubljana,Slovenia","11/02/2021",8.0,11.6,9.4,7.9,90.58,,5.4,11.2,128.27,8.3,10.93,12.5,,13.3,86.6,1007.7,"Drizzle, Mist, Light Drizzle, Rain, Light Drizzle/Rain, Rain Showers, Fog, Light Rain",46.0506,14.5028,"Ljubljana, Slovenija","Ljubljana, Slovenija","","Rain, Overcast"
"Ljubljana,Slovenia","11/03/2021",9.6,15.5,10.8,8.7,88.12,,25.1,51.4,203.92,,24.94,12.5,,11.6,89.8,1002.8,"Mist, Light Drizzle, Precipitation In Vicinity, Rain, Heavy Drizzle/Rain, Light Drizzle/Rain, Rain Showers, Heavy Rain, Light Rain",46.0506,14.5028,"Ljubljana, Slovenija","Ljubljana, Slovenija","","Rain, Overcast"
"Ljubljana,Slovenia","11/04/2021",3.9,16.3,8.6,4.0,75.66,,19.1,44.6,164.46,2.7,7.09,12.5,,26.3,51.3,1014.1,"Ice, Drizzle, Light Drizzle, Precipitation In Vicinity, Rain, Light Drizzle/Rain, Rain Showers, Fog, Light Rain, Sky Coverage Decreasing, Sky Coverage Increasing",46.0506,14.5028,"Ljubljana, Slovenija","Ljubljana, Slovenija","","Rain, Partially cloudy"
"Ljubljana,Slovenia","11/05/2021",7.1,9.9,8.0,5.1,82.03,,12.2,27.4,110.13,5.0,0.39,4.17,,24.9,94.4,1027.0,"Drizzle, Light Snow, Mist, Light Drizzle, Rain, Rain Showers, Light Rain, Sky Coverage Increasing, Snow",46.0506,14.5028,"Ljubljana, Slovenija","Ljubljana, Slovenija","","Rain, Overcast"
"Ljubljana,Slovenia","11/06/2021",6.6,10.5,8.5,3.3,71.19,,21.6,28.8,189.33,4.6,0.7,8.33,,26.8,91.9,1026.6,"Drizzle, Light Drizzle, Heavy Drizzle/Rain, Rain, Light Drizzle/Rain, Rain Showers, Light Rain, Sky Coverage Increasing, Sky Unchanged",46.0506,14.5028,"Ljubljana, Slovenija","Ljubljana, Slovenija","","Rain, Overcast"
"Ljubljana,Slovenia","11/07/2021",6.9,10.5,8.5,5.9,84.13,,12.2,22.7,93.5,5.2,12.41,8.33,,17.3,80.7,1019.1,"Ice, Mist, Light Snow, Light Drizzle, Rain, Heavy Drizzle/Rain, Light Drizzle/Rain, Heavy Rain, Light Rain, Snow",46.0506,14.5028,"Ljubljana, Slovenija","Ljubljana, Slovenija","","Rain, Overcast"
"Ljubljana,Slovenia","11/08/2021",4.0,8.9,6.2,4.6,90.3,,10.1,17.3,105.92,4.4,12.25,12.5,0.0,11.1,70.6,1026.0,"Drizzle, Mist, Light Snow, Rain, Light Drizzle/Rain, Fog, Light Rain, Sky Unchanged, Snow",46.0506,14.5028,"Ljubljana, Slovenija","Ljubljana, Slovenija","","Rain, Partially cloudy"
"Ljubljana,Slovenia","11/09/2021",1.2,10.5,5.4,2.1,81.1,,18.0,18.1,114.63,-2.7,0.1,4.17,,17.4,52.5,1033.3,"Mist, Fog, Sky Coverage Increasing",46.0506,14.5028,"Ljubljana, Slovenija","Ljubljana, Slovenija","","Rain, Partially cloudy"
"Ljubljana,Slovenia","11/10/2021",2.7,10.5,5.2,3.1,87.22,,10.8,16.3,199.1,2.6,0.0,0.0,,14.8,22.6,1029.4,"Mist, Fog, Sky Coverage Decreasing",46.0506,14.5028,"Ljubljana, Slovenija","Ljubljana, Slovenija","","Clear"
"Ljubljana,Slovenia","11/11/2021",4.3,8.2,5.4,3.9,90.66,,10.8,10.9,121.38,2.7,0.2,4.17,,5.4,67.5,1024.7,"Drizzle, Mist, Light Drizzle, Fog, Sky Coverage Increasing",46.0506,14.5028,"Ljubljana, Slovenija","Ljubljana, Slovenija","","Rain, Partially cloudy"
"Ljubljana,Slovenia","11/12/2021",4.8,7.7,5.6,4.5,92.82,,12.8,9.4,167.94,3.1,0.2,8.33,,9.3,96.3,1019.8,"Mist, Fog",46.0506,14.5028,"Ljubljana, Slovenija","Ljubljana, Slovenija","","Rain, Overcast"
"Ljubljana,Slovenia","11/13/2021",4.0,9.7,6.9,6.2,95.27,,8.8,,219.0,2.9,0.0,0.0,,6.0,81.0,1016.8,"",46.0506,14.5028,"Ljubljana, Slovenija","Ljubljana, Slovenija","","Overcast"
"Ljubljana,Slovenia","11/14/2021",6.0,8.0,6.7,5.9,95.26,,7.3,,140.8,4.5,0.0,0.0,,9.2,95.3,1022.0,"",46.0506,14.5028,"Ljubljana, Slovenija","Ljubljana, Slovenija","","Overcast"
